itemid,username,snmpv3_contextname,inventory_link,multiplier,authtype,trends,snmpv3_authpassphrase,snmp_oid,templateid,snmpv3_securitylevel,port,lastns,password,logtimefmt,mtime,delay,publickey,state,params,snmpv3_securityname,formula,type,snmpv3_authprotocol,prevvalue,status,lastlogsize,lastclock,snmp_community,description,data_type,evaltype,trapper_hosts,lastvalue,units,value_type,delta,snmpv3_privprotocol,delay_flex,interfaceid,snmpv3_privpassphrase,hostid,key_,name,privatekey,lifetime,valuemapid,flags,error,ipmi_sensor,history
23124,,,0,0,0,365,,,0,0,,0,,,0,60,,0,,,1,0,0,0,0,0,0,,,0,0,,0,,3,0,0,,0,,10076,"system.stat[memory,avm]",Active virtual pages,,30,0,0,,,7
23116,,,0,0,0,365,,,0,0,,0,,,0,60,,0,,,1,0,0,0,0,0,0,,,0,0,,0,B,0,0,0,,0,,10076,"system.stat[disk,bps]",Amount of data transferred,,30,0,0,,,7
23299,,,0,0,0,365,,,17354,0,,0,,,0,60,,0,,,1,0,0,0,0,0,0,,The time the CPU has spent doing nothing.,0,0,,0,%,0,0,0,,1,,10084,"system.cpu.util[,idle]",CPU $2 time,,0,0,0,,,7
23300,,,0,0,0,365,,,22671,0,,0,,,0,60,,0,,,1,0,0,0,0,0,0,,The amount of time the CPU has been servicing hardware interrupts.,0,0,,0,%,0,0,0,,1,,10084,"system.cpu.util[,interrupt]",CPU $2 time,,0,0,0,,,7
23301,,,0,0,0,365,,,17362,0,,0,,,0,60,,0,,,1,0,0,0,0,0,0,,Amount of time the CPU has been waiting for I/O to complete.,0,0,,0,%,0,0,0,,1,,10084,"system.cpu.util[,iowait]",CPU $2 time,,0,0,0,,,7
23302,,,0,0,0,365,,,17358,0,,0,,,0,60,,0,,,1,0,0,0,0,0,0,,The time the CPU has spent running users' processes that have been niced.,0,0,,0,%,0,0,0,,1,,10084,"system.cpu.util[,nice]",CPU $2 time,,0,0,0,,,7
23303,,,0,0,0,365,,,22668,0,,0,,,0,60,,0,,,1,0,0,0,0,0,0,,The amount of time the CPU has been servicing software interrupts.,0,0,,0,%,0,0,0,,1,,10084,"system.cpu.util[,softirq]",CPU $2 time,,0,0,0,,,7
23304,,,0,0,0,365,,,22665,0,,0,,,0,60,,0,,,1,0,0,0,0,0,0,,The amount of CPU 'stolen' from this virtual machine by the hypervisor for other tasks (such as running another virtual machine).,0,0,,0,%,0,0,0,,1,,10084,"system.cpu.util[,steal]",CPU $2 time,,0,0,0,,,7
23305,,,0,0,0,365,,,17360,0,,0,,,0,60,,0,,,1,0,0,0,0,0,0,,The time the CPU has spent running the kernel and its processes.,0,0,,0,%,0,0,0,,1,,10084,"system.cpu.util[,system]",CPU $2 time,,0,0,0,,,7
23306,,,0,0,0,365,,,17356,0,,0,,,0,60,,0,,,1,0,0,0,0,0,0,,The time the CPU has spent running users' processes that are not niced.,0,0,,0,%,0,0,0,,1,,10084,"system.cpu.util[,user]",CPU $2 time,,0,0,0,,,7
22845,,,0,0,0,365,,,0,0,,0,,,0,60,,0,,,1,0,0,0,0,0,0,,The time the CPU has spent doing nothing.,0,0,,0,%,0,0,0,,0,,10074,"system.cpu.util[,idle]",CPU $2 time,,30,0,0,,,7
22846,,,0,0,0,365,,,0,0,,0,,,0,60,,0,,,1,0,0,0,0,0,0,,The amount of time the CPU has been servicing hardware interrupts.,0,0,,0,%,0,0,0,,0,,10074,"system.cpu.util[,interrupt]",CPU $2 time,,30,0,0,,,7
22848,,,0,0,0,365,,,0,0,,0,,,0,60,,0,,,1,0,0,0,0,0,0,,The time the CPU has spent running users' processes that have been niced.,0,0,,0,%,0,0,0,,0,,10074,"system.cpu.util[,nice]",CPU $2 time,,30,0,0,,,7
22851,,,0,0,0,365,,,0,0,,0,,,0,60,,0,,,1,0,0,0,0,0,0,,The time the CPU has spent running the kernel and its processes.,0,0,,0,%,0,0,0,,0,,10074,"system.cpu.util[,system]",CPU $2 time,,30,0,0,,,7
22852,,,0,0,0,365,,,0,0,,0,,,0,60,,0,,,1,0,0,0,0,0,0,,The time the CPU has spent running users' processes that are not niced.,0,0,,0,%,0,0,0,,0,,10074,"system.cpu.util[,user]",CPU $2 time,,30,0,0,,,7
22885,,,0,0,0,365,,,0,0,,0,,,0,60,,0,,,1,0,0,0,0,0,0,,The time the CPU has spent doing nothing.,0,0,,0,%,0,0,0,,0,,10075,"system.cpu.util[,idle]",CPU $2 time,,30,0,0,,,7
22886,,,0,0,0,365,,,0,0,,0,,,0,60,,0,,,1,0,0,0,0,0,0,,The amount of time the CPU has been servicing hardware interrupts.,0,0,,0,%,0,0,0,,0,,10075,"system.cpu.util[,interrupt]",CPU $2 time,,30,0,0,,,7
22888,,,0,0,0,365,,,0,0,,0,,,0,60,,0,,,1,0,0,0,0,0,0,,The time the CPU has spent running users' processes that have been niced.,0,0,,0,%,0,0,0,,0,,10075,"system.cpu.util[,nice]",CPU $2 time,,30,0,0,,,7
22891,,,0,0,0,365,,,0,0,,0,,,0,60,,0,,,1,0,0,0,0,0,0,,The time the CPU has spent running the kernel and its processes.,0,0,,0,%,0,0,0,,0,,10075,"system.cpu.util[,system]",CPU $2 time,,30,0,0,,,7
22892,,,0,0,0,365,,,0,0,,0,,,0,60,,0,,,1,0,0,0,0,0,0,,The time the CPU has spent running users' processes that are not niced.,0,0,,0,%,0,0,0,,0,,10075,"system.cpu.util[,user]",CPU $2 time,,30,0,0,,,7
22665,,,0,0,0,365,,,0,0,,0,,,0,60,,0,,,1,0,0,0,0,0,0,,The amount of CPU 'stolen' from this virtual machine by the hypervisor for other tasks (such as running another virtual machine).,0,0,,0,%,0,0,0,,0,,10001,"system.cpu.util[,steal]",CPU $2 time,,0,0,0,,,7
22668,,,0,0,0,365,,,0,0,,0,,,0,60,,0,,,1,0,0,0,0,0,0,,The amount of time the CPU has been servicing software interrupts.,0,0,,0,%,0,0,0,,0,,10001,"system.cpu.util[,softirq]",CPU $2 time,,0,0,0,,,7
22671,,,0,0,0,365,,,0,0,,0,,,0,60,,0,,,1,0,0,0,0,0,0,,The amount of time the CPU has been servicing hardware interrupts.,0,0,,0,%,0,0,0,,0,,10001,"system.cpu.util[,interrupt]",CPU $2 time,,0,0,0,,,7
23703,,,0,0,0,365,,,17354,0,,0,,,0,60,,0,,,1,0,0,0,0,0,0,,The time the CPU has spent doing nothing.,0,0,,0,%,0,0,0,,2,,10105,"system.cpu.util[,idle]",CPU $2 time,,0,0,0,,,7
23704,,,0,0,0,365,,,22671,0,,0,,,0,60,,0,,,1,0,0,0,0,0,0,,The amount of time the CPU has been servicing hardware interrupts.,0,0,,0,%,0,0,0,,2,,10105,"system.cpu.util[,interrupt]",CPU $2 time,,0,0,0,,,7
23705,,,0,0,0,365,,,17362,0,,0,,,0,60,,0,,,1,0,0,0,0,0,0,,Amount of time the CPU has been waiting for I/O to complete.,0,0,,0,%,0,0,0,,2,,10105,"system.cpu.util[,iowait]",CPU $2 time,,0,0,0,,,7
23706,,,0,0,0,365,,,17358,0,,0,,,0,60,,0,,,1,0,0,0,0,0,0,,The time the CPU has spent running users' processes that have been niced.,0,0,,0,%,0,0,0,,2,,10105,"system.cpu.util[,nice]",CPU $2 time,,0,0,0,,,7
23707,,,0,0,0,365,,,22668,0,,0,,,0,60,,0,,,1,0,0,0,0,0,0,,The amount of time the CPU has been servicing software interrupts.,0,0,,0,%,0,0,0,,2,,10105,"system.cpu.util[,softirq]",CPU $2 time,,0,0,0,,,7
23708,,,0,0,0,365,,,22665,0,,0,,,0,60,,0,,,1,0,0,0,0,0,0,,The amount of CPU 'stolen' from this virtual machine by the hypervisor for other tasks (such as running another virtual machine).,0,0,,0,%,0,0,0,,2,,10105,"system.cpu.util[,steal]",CPU $2 time,,0,0,0,,,7
23709,,,0,0,0,365,,,17360,0,,0,,,0,60,,0,,,1,0,0,0,0,0,0,,The time the CPU has spent running the kernel and its processes.,0,0,,0,%,0,0,0,,2,,10105,"system.cpu.util[,system]",CPU $2 time,,0,0,0,,,7
23710,,,0,0,0,365,,,17356,0,,0,,,0,60,,0,,,1,0,0,0,0,0,0,,The time the CPU has spent running users' processes that are not niced.,0,0,,0,%,0,0,0,,2,,10105,"system.cpu.util[,user]",CPU $2 time,,0,0,0,,,7
22965,,,0,0,0,365,,,0,0,,0,,,0,60,,0,,,1,0,0,0,0,0,0,,The time the CPU has spent doing nothing.,0,0,,0,%,0,0,0,,0,,10077,"system.cpu.util[,idle]",CPU $2 time,,30,0,0,,,7
22968,,,0,0,0,365,,,0,0,,0,,,0,60,,0,,,1,0,0,0,0,0,0,,The time the CPU has spent running users' processes that have been niced.,0,0,,0,%,0,0,0,,0,,10077,"system.cpu.util[,nice]",CPU $2 time,,30,0,0,,,7
22971,,,0,0,0,365,,,0,0,,0,,,0,60,,0,,,1,0,0,0,0,0,0,,The time the CPU has spent running the kernel and its processes.,0,0,,0,%,0,0,0,,0,,10077,"system.cpu.util[,system]",CPU $2 time,,30,0,0,,,7
22972,,,0,0,0,365,,,0,0,,0,,,0,60,,0,,,1,0,0,0,0,0,0,,The time the CPU has spent running users' processes that are not niced.,0,0,,0,%,0,0,0,,0,,10077,"system.cpu.util[,user]",CPU $2 time,,30,0,0,,,7
17354,,,0,0,0,365,,,0,0,,0,,,0,60,,0,,,1,0,0,0,0,0,0,,The time the CPU has spent doing nothing.,0,0,,0,%,0,0,0,,0,,10001,"system.cpu.util[,idle]",CPU $2 time,,0,0,0,,,7
17356,,,0,0,0,365,,,0,0,,0,,,0,60,,0,,,1,0,0,0,0,0,0,,The time the CPU has spent running users' processes that are not niced.,0,0,,0,%,0,0,0,,0,,10001,"system.cpu.util[,user]",CPU $2 time,,0,0,0,,,7
17358,,,0,0,0,365,,,0,0,,0,,,0,60,,0,,,1,0,0,0,0,0,0,,The time the CPU has spent running users' processes that have been niced.,0,0,,0,%,0,0,0,,0,,10001,"system.cpu.util[,nice]",CPU $2 time,,0,0,0,,,7
17360,,,0,0,0,365,,,0,0,,0,,,0,60,,0,,,1,0,0,0,0,0,0,,The time the CPU has spent running the kernel and its processes.,0,0,,0,%,0,0,0,,0,,10001,"system.cpu.util[,system]",CPU $2 time,,0,0,0,,,7
17362,,,0,0,0,365,,,0,0,,0,,,0,60,,0,,,1,0,0,0,0,0,0,,Amount of time the CPU has been waiting for I/O to complete.,0,0,,0,%,0,0,0,,0,,10001,"system.cpu.util[,iowait]",CPU $2 time,,0,0,0,,,7
23005,,,0,0,0,365,,,0,0,,0,,,0,60,,0,,,1,0,0,0,0,0,0,,The time the CPU has spent doing nothing.,0,0,,0,%,0,0,0,,0,,10078,"system.cpu.util[,idle]",CPU $2 time,,30,0,0,,,7
23007,,,0,0,0,365,,,0,0,,0,,,0,60,,0,,,1,0,0,0,0,0,0,,Amount of time the CPU has been waiting for I/O to complete.,0,0,,0,%,0,0,0,,0,,10078,"system.cpu.util[,iowait]",CPU $2 time,,30,0,0,,,7
23011,,,0,0,0,365,,,0,0,,0,,,0,60,,0,,,1,0,0,0,0,0,0,,The time the CPU has spent running the kernel and its processes.,0,0,,0,%,0,0,0,,0,,10078,"system.cpu.util[,system]",CPU $2 time,,30,0,0,,,7
23012,,,0,0,0,365,,,0,0,,0,,,0,60,,0,,,1,0,0,0,0,0,0,,The time the CPU has spent running users' processes that are not niced.,0,0,,0,%,0,0,0,,0,,10078,"system.cpu.util[,user]",CPU $2 time,,30,0,0,,,7
23108,,,0,0,0,365,,,0,0,,0,,,0,60,,0,,,1,0,0,0,0,0,0,,,0,0,,0,%,0,0,0,,0,,10076,"system.stat[cpu,app]",CPU available physical processors in the shared pool,,30,0,0,,,7
23109,,,0,0,0,365,,,0,0,,0,,,0,60,,0,,,1,0,0,0,0,0,0,,,0,0,,0,,0,0,0,,0,,10076,"system.stat[cpu,ec]",CPU entitled capacity consumed,,30,0,0,,,7
23110,,,0,0,0,365,,,0,0,,0,,,0,60,,0,,,1,0,0,0,0,0,0,,,0,0,,0,%,0,0,0,,0,,10076,"system.stat[cpu,id]",CPU idle time,,30,0,0,,,7
23115,,,0,0,0,365,,,0,0,,0,,,0,60,,0,,,1,0,0,0,0,0,0,,,0,0,,0,%,0,0,0,,0,,10076,"system.stat[cpu,wa]",CPU iowait time,,30,0,0,,,7
23111,,,0,0,0,365,,,0,0,,0,,,0,60,,0,,,1,0,0,0,0,0,0,,,0,0,,0,%,0,0,0,,0,,10076,"system.stat[cpu,lbusy]",CPU logical processor utilization,,30,0,0,,,7
23112,,,0,0,0,365,,,0,0,,0,,,0,60,,0,,,1,0,0,0,0,0,0,,,0,0,,0,,0,0,0,,0,,10076,"system.stat[cpu,pc]",CPU number of physical processors consumed,,30,0,0,,,7
23113,,,0,0,0,365,,,0,0,,0,,,0,60,,0,,,1,0,0,0,0,0,0,,,0,0,,0,%,0,0,0,,0,,10076,"system.stat[cpu,sy]",CPU system time,,30,0,0,,,7
23114,,,0,0,0,365,,,0,0,,0,,,0,60,,0,,,1,0,0,0,0,0,0,,,0,0,,0,%,0,0,0,,0,,10076,"system.stat[cpu,us]",CPU user time,,30,0,0,,,7
23298,,,0,0,0,365,,,22680,0,,0,,,0,60,,0,,,1,0,0,0,0,0,0,,,0,0,,0,sps,3,1,0,,1,,10084,system.cpu.switches,Context switches per second,,0,0,0,,,7
22844,,,0,0,0,365,,,0,0,,0,,,0,60,,0,,,1,0,0,0,0,0,0,,,0,0,,0,sps,3,1,0,,0,,10074,system.cpu.switches,Context switches per second,,30,0,0,,,7
22884,,,0,0,0,365,,,0,0,,0,,,0,60,,0,,,1,0,0,0,0,0,0,,,0,0,,0,sps,3,1,0,,0,,10075,system.cpu.switches,Context switches per second,,30,0,0,,,7
22924,,,0,0,0,365,,,0,0,,0,,,0,60,,0,,,1,0,0,0,0,0,0,,,0,0,,0,sps,3,1,0,,0,,10076,system.cpu.switches,Context switches per second,,30,0,0,,,7
23702,,,0,0,0,365,,,22680,0,,0,,,0,60,,0,,,1,0,0,0,0,0,0,,,0,0,,0,sps,3,1,0,,2,,10105,system.cpu.switches,Context switches per second,,0,0,0,,,7
22680,,,0,0,0,365,,,0,0,,0,,,0,60,,0,,,1,0,0,0,0,0,0,,,0,0,,0,sps,3,1,0,,0,,10001,system.cpu.switches,Context switches per second,,0,0,0,,,7
23004,,,0,0,0,365,,,0,0,,0,,,0,60,,0,,,1,0,0,0,0,0,0,,,0,0,,0,sps,3,1,0,,0,,10078,system.cpu.switches,Context switches per second,,30,0,0,,,7
23120,,,0,0,0,365,,,0,0,,0,,,0,60,,0,,,1,0,0,0,0,0,0,,,0,0,,0,,0,0,0,,0,,10076,"system.stat[faults,in]",Device interrupts,,30,0,0,,,7
23126,,,0,0,0,365,,,0,0,,0,,,0,60,,0,,,1,0,0,0,0,0,0,,,0,0,,0,,0,0,0,,0,,10076,"system.stat[page,fi]",File page-ins per second,,30,0,0,,,7
23127,,,0,0,0,365,,,0,0,,0,,,0,60,,0,,,1,0,0,0,0,0,0,,,0,0,,0,,0,0,0,,0,,10076,"system.stat[page,fo]",File page-outs per second,,30,0,0,,,7
23125,,,0,0,0,365,,,0,0,,0,,,0,60,,0,,,1,0,0,0,0,0,0,,,0,0,,0,,3,0,0,,0,,10076,"system.stat[memory,fre]",Free real memory,,30,0,0,,,7
23309,,,0,0,0,365,,,10014,0,,0,,,0,60,,0,,,1,0,0,0,0,0,0,,,0,0,,0,B,3,0,0,,1,,10084,"system.swap.size[,free]",Free swap space,,0,0,0,,,7
10014,,,0,0,0,365,,,0,0,,0,,,0,60,,0,,,1,0,0,0,0,0,0,,,0,0,,0,B,3,0,0,,0,,10001,"system.swap.size[,free]",Free swap space,,0,0,0,,,7
22855,,,0,0,0,365,,,0,0,,0,,,0,60,,0,,,1,0,0,0,0,0,0,,,0,0,,0,B,3,0,0,,0,,10074,"system.swap.size[,free]",Free swap space,,30,0,0,,,7
23147,,,0,0,0,365,,,0,0,,0,,,0,60,,0,,,1,0,0,0,0,0,0,,,0,0,,0,B,3,0,0,,0,,10081,"system.swap.size[,free]",Free swap space,,30,0,0,,,7
22895,,,0,0,0,365,,,0,0,,0,,,0,60,,0,,,1,0,0,0,0,0,0,,,0,0,,0,B,3,0,0,,0,,10075,"system.swap.size[,free]",Free swap space,,30,0,0,,,7
23713,,,0,0,0,365,,,10014,0,,0,,,0,60,,0,,,1,0,0,0,0,0,0,,,0,0,,0,B,3,0,0,,2,,10105,"system.swap.size[,free]",Free swap space,,0,0,0,,,7
23015,,,0,0,0,365,,,0,0,,0,,,0,60,,0,,,1,0,0,0,0,0,0,,,0,0,,0,B,3,0,0,,0,,10078,"system.swap.size[,free]",Free swap space,,30,0,0,,,7
23310,,,0,0,0,365,,,17350,0,,0,,,0,60,,0,,,1,0,0,0,0,0,0,,,0,0,,0,%,0,0,0,,1,,10084,"system.swap.size[,pfree]",Free swap space in %,,0,0,0,,,7
22856,,,0,0,0,365,,,0,0,,0,,,0,60,,0,,,1,0,0,0,0,0,0,,,0,0,,0,%,0,0,0,,0,,10074,"system.swap.size[,pfree]",Free swap space in %,,30,0,0,,,7
22896,,,0,0,0,365,,,0,0,,0,,,0,60,,0,,,1,0,0,0,0,0,0,,,0,0,,0,%,0,0,0,,0,,10075,"system.swap.size[,pfree]",Free swap space in %,,30,0,0,,,7
23714,,,0,0,0,365,,,17350,0,,0,,,0,60,,0,,,1,0,0,0,0,0,0,,,0,0,,0,%,0,0,0,,2,,10105,"system.swap.size[,pfree]",Free swap space in %,,0,0,0,,,7
17350,,,0,0,0,365,,,0,0,,0,,,0,60,,0,,,1,0,0,0,0,0,0,,,0,0,,0,%,0,0,0,,0,,10001,"system.swap.size[,pfree]",Free swap space in %,,0,0,0,,,7
23016,,,0,0,0,365,,,0,0,,0,,,0,60,,0,,,1,0,0,0,0,0,0,,,0,0,,0,%,0,0,0,,0,,10078,"system.swap.size[,pfree]",Free swap space in %,,30,0,0,,,7
22839,,,0,0,0,365,,,0,0,,0,,,0,600,,0,,,1,0,0,0,0,0,0,,,0,0,,0,unixtime,3,0,0,,0,,10074,system.boottime,Host boot time,,30,0,0,,,7
22879,,,0,0,0,365,,,0,0,,0,,,0,600,,0,,,1,0,0,0,0,0,0,,,0,0,,0,unixtime,3,0,0,,0,,10075,system.boottime,Host boot time,,30,0,0,,,7
23697,,,0,0,0,365,,,17318,0,,0,,,0,600,,0,,,1,0,0,0,0,0,0,,,0,0,,0,unixtime,3,0,0,,2,,10105,system.boottime,Host boot time,,0,0,0,,,7
17318,,,0,0,0,365,,,0,0,,0,,,0,600,,0,,,1,0,0,0,0,0,0,,,0,0,,0,unixtime,3,0,0,,0,,10001,system.boottime,Host boot time,,0,0,0,,,7
22999,,,0,0,0,365,,,0,0,,0,,,0,600,,0,,,1,0,0,0,0,0,0,,,0,0,,0,unixtime,3,0,0,,0,,10078,system.boottime,Host boot time,,30,0,0,,,7
23293,,,0,0,0,365,,,17318,0,,0,,,0,600,,0,,,1,0,0,0,0,0,0,,,0,0,,0,unixtime,3,0,0,,1,,10084,system.boottime,Host boot time,,0,0,0,,,7
23039,,,0,0,0,365,,,0,0,,0,,,0,600,,0,,,1,0,0,0,0,0,0,,,0,0,,0,unixtime,3,0,0,,0,,10079,system.boottime,Host boot time,,30,0,0,,,7
23308,,,0,0,0,365,,,17352,0,,0,,,0,60,,0,,,1,0,0,0,0,0,0,,,0,0,,0,unixtime,3,0,0,,1,,10084,system.localtime,Host local time,,0,0,0,,,7
23054,,,0,0,0,365,,,0,0,,0,,,0,60,,0,,,1,0,0,0,0,0,0,,,0,0,,0,unixtime,3,0,0,,0,,10079,system.localtime,Host local time,,30,0,0,,,7
22854,,,0,0,0,365,,,0,0,,0,,,0,60,,0,,,1,0,0,0,0,0,0,,,0,0,,0,unixtime,3,0,0,,0,,10074,system.localtime,Host local time,,30,0,0,,,7
22894,,,0,0,0,365,,,0,0,,0,,,0,60,,0,,,1,0,0,0,0,0,0,,,0,0,,0,unixtime,3,0,0,,0,,10075,system.localtime,Host local time,,30,0,0,,,7
22934,,,0,0,0,365,,,0,0,,0,,,0,60,,0,,,1,0,0,0,0,0,0,,,0,0,,0,unixtime,3,0,0,,0,,10076,system.localtime,Host local time,,30,0,0,,,7
23712,,,0,0,0,365,,,17352,0,,0,,,0,60,,0,,,1,0,0,0,0,0,0,,,0,0,,0,unixtime,3,0,0,,2,,10105,system.localtime,Host local time,,0,0,0,,,7
22974,,,0,0,0,365,,,0,0,,0,,,0,60,,0,,,1,0,0,0,0,0,0,,,0,0,,0,unixtime,3,0,0,,0,,10077,system.localtime,Host local time,,30,0,0,,,7
17352,,,0,0,0,365,,,0,0,,0,,,0,60,,0,,,1,0,0,0,0,0,0,,,0,0,,0,unixtime,3,0,0,,0,,10001,system.localtime,Host local time,,0,0,0,,,7
23014,,,0,0,0,365,,,0,0,,0,,,0,60,,0,,,1,0,0,0,0,0,0,,,0,0,,0,unixtime,3,0,0,,0,,10078,system.localtime,Host local time,,30,0,0,,,7
23307,,,3,0,0,365,,,10057,0,,0,,,0,3600,,0,,,1,0,0,0,0,0,0,,System host name.,0,0,,0,,1,0,0,,1,,10084,system.hostname,Host name,,0,0,0,,,7
23053,,,3,0,0,365,,,0,0,,0,,,0,3600,,0,,,1,0,0,0,0,0,0,,System host name.,0,0,,0,,1,0,0,,0,,10079,system.hostname,Host name,,30,0,0,,,7
22853,,,3,0,0,365,,,0,0,,0,,,0,3600,,0,,,1,0,0,0,0,0,0,,System host name.,0,0,,0,,1,0,0,,0,,10074,system.hostname,Host name,,30,0,0,,,7
10057,,,3,0,0,365,,,0,0,,0,,,0,3600,,0,,,1,0,0,0,0,0,0,,System host name.,0,0,,0,,1,0,0,,0,,10001,system.hostname,Host name,,0,0,0,,,7
22893,,,3,0,0,365,,,0,0,,0,,,0,3600,,0,,,1,0,0,0,0,0,0,,System host name.,0,0,,0,,1,0,0,,0,,10075,system.hostname,Host name,,30,0,0,,,7
22933,,,3,0,0,365,,,0,0,,0,,,0,3600,,0,,,1,0,0,0,0,0,0,,System host name.,0,0,,0,,1,0,0,,0,,10076,system.hostname,Host name,,30,0,0,,,7
23711,,,3,0,0,365,,,10057,0,,0,,,0,3600,,0,,,1,0,0,0,0,0,0,,System host name.,0,0,,0,,1,0,0,,2,,10105,system.hostname,Host name,,0,0,0,,,7
22973,,,3,0,0,365,,,0,0,,0,,,0,3600,,0,,,1,0,0,0,0,0,0,,System host name.,0,0,,0,,1,0,0,,0,,10077,system.hostname,Host name,,30,0,0,,,7
23013,,,3,0,0,365,,,0,0,,0,,,0,3600,,0,,,1,0,0,0,0,0,0,,System host name.,0,0,,0,,1,0,0,,0,,10078,system.hostname,Host name,,30,0,0,,,7
22840,,,0,0,0,365,,,0,0,,0,,,0,60,,0,,,1,0,0,0,0,0,0,,,0,0,,0,ips,3,1,0,,0,,10074,system.cpu.intr,Interrupts per second,,30,0,0,,,7
22880,,,0,0,0,365,,,0,0,,0,,,0,60,,0,,,1,0,0,0,0,0,0,,,0,0,,0,ips,3,1,0,,0,,10075,system.cpu.intr,Interrupts per second,,30,0,0,,,7
22920,,,0,0,0,365,,,0,0,,0,,,0,60,,0,,,1,0,0,0,0,0,0,,,0,0,,0,ips,3,1,0,,0,,10076,system.cpu.intr,Interrupts per second,,30,0,0,,,7
23698,,,0,0,0,365,,,22683,0,,0,,,0,60,,0,,,1,0,0,0,0,0,0,,,0,0,,0,ips,3,1,0,,2,,10105,system.cpu.intr,Interrupts per second,,0,0,0,,,7
22683,,,0,0,0,365,,,0,0,,0,,,0,60,,0,,,1,0,0,0,0,0,0,,,0,0,,0,ips,3,1,0,,0,,10001,system.cpu.intr,Interrupts per second,,0,0,0,,,7
23000,,,0,0,0,365,,,0,0,,0,,,0,60,,0,,,1,0,0,0,0,0,0,,,0,0,,0,ips,3,1,0,,0,,10078,system.cpu.intr,Interrupts per second,,30,0,0,,,7
23294,,,0,0,0,365,,,22683,0,,0,,,0,60,,0,,,1,0,0,0,0,0,0,,,0,0,,0,ips,3,1,0,,1,,10084,system.cpu.intr,Interrupts per second,,0,0,0,,,7
23119,,,0,0,0,365,,,0,0,,0,,,0,60,,0,,,1,0,0,0,0,0,0,,,0,0,,0,,0,0,0,,0,,10076,"system.stat[faults,cs]",Kernel thread context switches,,30,0,0,,,7
23123,,,0,0,0,365,,,0,0,,0,,,0,60,,0,,,1,0,0,0,0,0,0,,,0,0,,0,,0,0,0,,0,,10076,"system.stat[kthr,r]",Length of the run queue,,30,0,0,,,7
23122,,,0,0,0,365,,,0,0,,0,,,0,60,,0,,,1,0,0,0,0,0,0,,,0,0,,0,,0,0,0,,0,,10076,"system.stat[kthr,b]",Length of the swap queue,,30,0,0,,,7
23314,,,0,0,0,365,,,10016,0,,0,,,0,60,,0,,,1,0,0,0,0,0,0,,Number of users who are currently logged in.,0,0,,0,,3,0,0,,1,,10084,system.users.num,Number of logged in users,,0,0,0,,,7
23060,,,0,0,0,365,,,0,0,,0,,,0,60,,0,,,1,0,0,0,0,0,0,,Number of users who are currently logged in.,0,0,,0,,3,0,0,,0,,10079,system.users.num,Number of logged in users,,30,0,0,,,7
10016,,,0,0,0,365,,,0,0,,0,,,0,60,,0,,,1,0,0,0,0,0,0,,Number of users who are currently logged in.,0,0,,0,,3,0,0,,0,,10001,system.users.num,Number of logged in users,,0,0,0,,,7
22860,,,0,0,0,365,,,0,0,,0,,,0,60,,0,,,1,0,0,0,0,0,0,,Number of users who are currently logged in.,0,0,,0,,3,0,0,,0,,10074,system.users.num,Number of logged in users,,30,0,0,,,7
22900,,,0,0,0,365,,,0,0,,0,,,0,60,,0,,,1,0,0,0,0,0,0,,Number of users who are currently logged in.,0,0,,0,,3,0,0,,0,,10075,system.users.num,Number of logged in users,,30,0,0,,,7
22940,,,0,0,0,365,,,0,0,,0,,,0,60,,0,,,1,0,0,0,0,0,0,,Number of users who are currently logged in.,0,0,,0,,3,0,0,,0,,10076,system.users.num,Number of logged in users,,30,0,0,,,7
23718,,,0,0,0,365,,,10016,0,,0,,,0,60,,0,,,1,0,0,0,0,0,0,,Number of users who are currently logged in.,0,0,,0,,3,0,0,,2,,10105,system.users.num,Number of logged in users,,0,0,0,,,7
22980,,,0,0,0,365,,,0,0,,0,,,0,60,,0,,,1,0,0,0,0,0,0,,Number of users who are currently logged in.,0,0,,0,,3,0,0,,0,,10077,system.users.num,Number of logged in users,,30,0,0,,,7
23020,,,0,0,0,365,,,0,0,,0,,,0,60,,0,,,1,0,0,0,0,0,0,,Number of users who are currently logged in.,0,0,,0,,3,0,0,,0,,10078,system.users.num,Number of logged in users,,30,0,0,,,7
23117,,,0,0,0,365,,,0,0,,0,,,0,60,,0,,,1,0,0,0,0,0,0,,,0,0,,0,,0,0,0,,0,,10076,"system.stat[disk,tps]",Number of transfers,,30,0,0,,,7
23128,,,0,0,0,365,,,0,0,,0,,,0,60,,0,,,1,0,0,0,0,0,0,,,0,0,,0,,0,0,0,,0,,10076,"system.stat[page,fr]",Pages freed (page replacement),,30,0,0,,,7
23129,,,0,0,0,365,,,0,0,,0,,,0,60,,0,,,1,0,0,0,0,0,0,,,0,0,,0,,0,0,0,,0,,10076,"system.stat[page,pi]",Pages paged in from paging space,,30,0,0,,,7
23130,,,0,0,0,365,,,0,0,,0,,,0,60,,0,,,1,0,0,0,0,0,0,,,0,0,,0,,0,0,0,,0,,10076,"system.stat[page,po]",Pages paged out to paging space,,30,0,0,,,7
23131,,,0,0,0,365,,,0,0,,0,,,0,60,,0,,,1,0,0,0,0,0,0,,,0,0,,0,,0,0,0,,0,,10076,"system.stat[page,sr]",Pages scanned by page-replacement algorithm,,30,0,0,,,7
23296,,,0,0,0,365,,,10010,0,,0,,,0,60,,0,,,1,0,0,0,0,0,0,,The processor load is calculated as system CPU load divided by number of CPU cores.,0,0,,0,,0,0,0,,1,,10084,"system.cpu.load[percpu,avg1]",Processor load (1 min average per core),,0,0,0,,,7
23042,,,0,0,0,365,,,0,0,,0,,,0,60,,0,,,1,0,0,0,0,0,0,,The processor load is calculated as system CPU load divided by number of CPU cores.,0,0,,0,,0,0,0,,0,,10079,"system.cpu.load[percpu,avg1]",Processor load (1 min average per core),,30,0,0,,,7
10010,,,0,0,0,365,,,0,0,,0,,,0,60,,0,,,1,0,0,0,0,0,0,,The processor load is calculated as system CPU load divided by number of CPU cores.,0,0,,0,,0,0,0,,0,,10001,"system.cpu.load[percpu,avg1]",Processor load (1 min average per core),,0,0,0,,,7
22842,,,0,0,0,365,,,0,0,,0,,,0,60,,0,,,1,0,0,0,0,0,0,,The processor load is calculated as system CPU load divided by number of CPU cores.,0,0,,0,,0,0,0,,0,,10074,"system.cpu.load[percpu,avg1]",Processor load (1 min average per core),,30,0,0,,,7
22882,,,0,0,0,365,,,0,0,,0,,,0,60,,0,,,1,0,0,0,0,0,0,,The processor load is calculated as system CPU load divided by number of CPU cores.,0,0,,0,,0,0,0,,0,,10075,"system.cpu.load[percpu,avg1]",Processor load (1 min average per core),,30,0,0,,,7
22922,,,0,0,0,365,,,0,0,,0,,,0,60,,0,,,1,0,0,0,0,0,0,,The processor load is calculated as system CPU load divided by number of CPU cores.,0,0,,0,,0,0,0,,0,,10076,"system.cpu.load[percpu,avg1]",Processor load (1 min average per core),,30,0,0,,,7
23700,,,0,0,0,365,,,10010,0,,0,,,0,60,,0,,,1,0,0,0,0,0,0,,The processor load is calculated as system CPU load divided by number of CPU cores.,0,0,,0,,0,0,0,,2,,10105,"system.cpu.load[percpu,avg1]",Processor load (1 min average per core),,0,0,0,,,7
22962,,,0,0,0,365,,,0,0,,0,,,0,60,,0,,,1,0,0,0,0,0,0,,The processor load is calculated as system CPU load divided by number of CPU cores.,0,0,,0,,0,0,0,,0,,10077,"system.cpu.load[percpu,avg1]",Processor load (1 min average per core),,30,0,0,,,7
23002,,,0,0,0,365,,,0,0,,0,,,0,60,,0,,,1,0,0,0,0,0,0,,The processor load is calculated as system CPU load divided by number of CPU cores.,0,0,,0,,0,0,0,,0,,10078,"system.cpu.load[percpu,avg1]",Processor load (1 min average per core),,30,0,0,,,7
23143,,,0,0,0,365,,,0,0,,0,,,0,60,,0,,,1,0,0,0,0,0,0,,,0,0,,0,,0,0,0,,0,,10081,"system.cpu.load[percpu,avg1]",Processor load (1 min average),,30,0,0,,,7
23041,,,0,0,0,365,,,0,0,,0,,,0,60,,0,,,1,0,0,0,0,0,0,,The processor load is calculated as system CPU load divided by number of CPU cores.,0,0,,0,,0,0,0,,0,,10079,"system.cpu.load[percpu,avg15]",Processor load (15 min average per core),,30,0,0,,,7
22841,,,0,0,0,365,,,0,0,,0,,,0,60,,0,,,1,0,0,0,0,0,0,,The processor load is calculated as system CPU load divided by number of CPU cores.,0,0,,0,,0,0,0,,0,,10074,"system.cpu.load[percpu,avg15]",Processor load (15 min average per core),,30,0,0,,,7
22881,,,0,0,0,365,,,0,0,,0,,,0,60,,0,,,1,0,0,0,0,0,0,,The processor load is calculated as system CPU load divided by number of CPU cores.,0,0,,0,,0,0,0,,0,,10075,"system.cpu.load[percpu,avg15]",Processor load (15 min average per core),,30,0,0,,,7
22921,,,0,0,0,365,,,0,0,,0,,,0,60,,0,,,1,0,0,0,0,0,0,,The processor load is calculated as system CPU load divided by number of CPU cores.,0,0,,0,,0,0,0,,0,,10076,"system.cpu.load[percpu,avg15]",Processor load (15 min average per core),,30,0,0,,,7
23699,,,0,0,0,365,,,22677,0,,0,,,0,60,,0,,,1,0,0,0,0,0,0,,The processor load is calculated as system CPU load divided by number of CPU cores.,0,0,,0,,0,0,0,,2,,10105,"system.cpu.load[percpu,avg15]",Processor load (15 min average per core),,0,0,0,,,7
22677,,,0,0,0,365,,,0,0,,0,,,0,60,,0,,,1,0,0,0,0,0,0,,The processor load is calculated as system CPU load divided by number of CPU cores.,0,0,,0,,0,0,0,,0,,10001,"system.cpu.load[percpu,avg15]",Processor load (15 min average per core),,0,0,0,,,7
22961,,,0,0,0,365,,,0,0,,0,,,0,60,,0,,,1,0,0,0,0,0,0,,The processor load is calculated as system CPU load divided by number of CPU cores.,0,0,,0,,0,0,0,,0,,10077,"system.cpu.load[percpu,avg15]",Processor load (15 min average per core),,30,0,0,,,7
23001,,,0,0,0,365,,,0,0,,0,,,0,60,,0,,,1,0,0,0,0,0,0,,The processor load is calculated as system CPU load divided by number of CPU cores.,0,0,,0,,0,0,0,,0,,10078,"system.cpu.load[percpu,avg15]",Processor load (15 min average per core),,30,0,0,,,7
23295,,,0,0,0,365,,,22677,0,,0,,,0,60,,0,,,1,0,0,0,0,0,0,,The processor load is calculated as system CPU load divided by number of CPU cores.,0,0,,0,,0,0,0,,1,,10084,"system.cpu.load[percpu,avg15]",Processor load (15 min average per core),,0,0,0,,,7
23144,,,0,0,0,365,,,0,0,,0,,,0,60,,0,,,1,0,0,0,0,0,0,,,0,0,,0,,0,0,0,,0,,10081,"system.cpu.load[percpu,avg15]",Processor load (15 min average),,30,0,0,,,7
23297,,,0,0,0,365,,,22674,0,,0,,,0,60,,0,,,1,0,0,0,0,0,0,,The processor load is calculated as system CPU load divided by number of CPU cores.,0,0,,0,,0,0,0,,1,,10084,"system.cpu.load[percpu,avg5]",Processor load (5 min average per core),,0,0,0,,,7
23043,,,0,0,0,365,,,0,0,,0,,,0,60,,0,,,1,0,0,0,0,0,0,,The processor load is calculated as system CPU load divided by number of CPU cores.,0,0,,0,,0,0,0,,0,,10079,"system.cpu.load[percpu,avg5]",Processor load (5 min average per core),,30,0,0,,,7
22843,,,0,0,0,365,,,0,0,,0,,,0,60,,0,,,1,0,0,0,0,0,0,,The processor load is calculated as system CPU load divided by number of CPU cores.,0,0,,0,,0,0,0,,0,,10074,"system.cpu.load[percpu,avg5]",Processor load (5 min average per core),,30,0,0,,,7
22883,,,0,0,0,365,,,0,0,,0,,,0,60,,0,,,1,0,0,0,0,0,0,,The processor load is calculated as system CPU load divided by number of CPU cores.,0,0,,0,,0,0,0,,0,,10075,"system.cpu.load[percpu,avg5]",Processor load (5 min average per core),,30,0,0,,,7
22923,,,0,0,0,365,,,0,0,,0,,,0,60,,0,,,1,0,0,0,0,0,0,,The processor load is calculated as system CPU load divided by number of CPU cores.,0,0,,0,,0,0,0,,0,,10076,"system.cpu.load[percpu,avg5]",Processor load (5 min average per core),,30,0,0,,,7
22674,,,0,0,0,365,,,0,0,,0,,,0,60,,0,,,1,0,0,0,0,0,0,,The processor load is calculated as system CPU load divided by number of CPU cores.,0,0,,0,,0,0,0,,0,,10001,"system.cpu.load[percpu,avg5]",Processor load (5 min average per core),,0,0,0,,,7
23701,,,0,0,0,365,,,22674,0,,0,,,0,60,,0,,,1,0,0,0,0,0,0,,The processor load is calculated as system CPU load divided by number of CPU cores.,0,0,,0,,0,0,0,,2,,10105,"system.cpu.load[percpu,avg5]",Processor load (5 min average per core),,0,0,0,,,7
22963,,,0,0,0,365,,,0,0,,0,,,0,60,,0,,,1,0,0,0,0,0,0,,The processor load is calculated as system CPU load divided by number of CPU cores.,0,0,,0,,0,0,0,,0,,10077,"system.cpu.load[percpu,avg5]",Processor load (5 min average per core),,30,0,0,,,7
23003,,,0,0,0,365,,,0,0,,0,,,0,60,,0,,,1,0,0,0,0,0,0,,The processor load is calculated as system CPU load divided by number of CPU cores.,0,0,,0,,0,0,0,,0,,10078,"system.cpu.load[percpu,avg5]",Processor load (5 min average per core),,30,0,0,,,7
23145,,,0,0,0,365,,,0,0,,0,,,0,60,,0,,,1,0,0,0,0,0,0,,,0,0,,0,,0,0,0,,0,,10081,"system.cpu.load[percpu,avg5]",Processor load (5 min average),,30,0,0,,,7
23118,,,0,0,0,365,,,0,0,,0,,,0,3600,,0,,,1,0,0,0,0,0,0,,,0,0,,0,,0,0,0,,0,,10076,system.stat[ent],Processor units is entitled to receive,,30,0,0,,,7
22817,,,0,0,0,365,,,0,0,,0,,,0,60,,0,,,1,12,0,0,0,0,0,,,0,0,,0,RPM,0,0,0,,0,,10072,system_fan_2,System Fan 2,,30,0,0,,System Fan 2,7
22807,,,0,0,0,365,,,0,0,,0,,,0,60,,0,,,1,12,0,0,0,0,0,,,0,0,,0,RPM,0,0,0,,0,,10071,system_fan_3,System Fan 3,,30,0,0,,System Fan 3,7
22818,,,0,0,0,365,,,0,0,,0,,,0,60,,0,,,1,12,0,0,0,0,0,,,0,0,,0,RPM,0,0,0,,0,,10072,system_fan_3,System Fan 3,,30,0,0,,System Fan 3,7
23121,,,0,0,0,365,,,0,0,,0,,,0,60,,0,,,1,0,0,0,0,0,0,,,0,0,,0,,0,0,0,,0,,10076,"system.stat[faults,sy]",System calls,,30,0,0,,,7
23312,,,5,0,0,365,,,10058,0,,0,,,0,3600,,0,,,1,0,0,0,0,0,0,,The information as normally returned by 'uname -a'.,0,0,,0,,1,0,0,,1,,10084,system.uname,System information,,0,0,0,,,7
23058,,,5,0,0,365,,,0,0,,0,,,0,3600,,0,,,1,0,0,0,0,0,0,,The information as normally returned by 'uname -a'.,0,0,,0,,1,0,0,,0,,10079,system.uname,System information,,30,0,0,,,7
10058,,,5,0,0,365,,,0,0,,0,,,0,3600,,0,,,1,0,0,0,0,0,0,,The information as normally returned by 'uname -a'.,0,0,,0,,1,0,0,,0,,10001,system.uname,System information,,0,0,0,,,7
22858,,,5,0,0,365,,,0,0,,0,,,0,3600,,0,,,1,0,0,0,0,0,0,,The information as normally returned by 'uname -a'.,0,0,,0,,1,0,0,,0,,10074,system.uname,System information,,30,0,0,,,7
23149,,,5,0,0,365,,,0,0,,0,,,0,3600,,0,,,1,0,0,0,0,0,0,,,0,0,,0,,1,0,0,,0,,10081,system.uname,System information,,30,0,0,,,7
22898,,,5,0,0,365,,,0,0,,0,,,0,3600,,0,,,1,0,0,0,0,0,0,,The information as normally returned by 'uname -a'.,0,0,,0,,1,0,0,,0,,10075,system.uname,System information,,30,0,0,,,7
22938,,,5,0,0,365,,,0,0,,0,,,0,3600,,0,,,1,0,0,0,0,0,0,,The information as normally returned by 'uname -a'.,0,0,,0,,1,0,0,,0,,10076,system.uname,System information,,30,0,0,,,7
23716,,,5,0,0,365,,,10058,0,,0,,,0,3600,,0,,,1,0,0,0,0,0,0,,The information as normally returned by 'uname -a'.,0,0,,0,,1,0,0,,2,,10105,system.uname,System information,,0,0,0,,,7
22978,,,5,0,0,365,,,0,0,,0,,,0,3600,,0,,,1,0,0,0,0,0,0,,The information as normally returned by 'uname -a'.,0,0,,0,,1,0,0,,0,,10077,system.uname,System information,,30,0,0,,,7
23018,,,5,0,0,365,,,0,0,,0,,,0,3600,,0,,,1,0,0,0,0,0,0,,The information as normally returned by 'uname -a'.,0,0,,0,,1,0,0,,0,,10078,system.uname,System information,,30,0,0,,,7
23313,,,0,0,0,365,,,10025,0,,0,,,0,600,,0,,,1,0,0,0,0,0,0,,,0,0,,0,uptime,3,0,0,,1,,10084,system.uptime,System uptime,,0,0,0,,,7
23059,,,0,0,0,365,,,0,0,,0,,,0,600,,0,,,1,0,0,0,0,0,0,,,0,0,,0,uptime,3,0,0,,0,,10079,system.uptime,System uptime,,30,0,0,,,7
10025,,,0,0,0,365,,,0,0,,0,,,0,600,,0,,,1,0,0,0,0,0,0,,,0,0,,0,uptime,3,0,0,,0,,10001,system.uptime,System uptime,,0,0,0,,,7
22859,,,0,0,0,365,,,0,0,,0,,,0,600,,0,,,1,0,0,0,0,0,0,,,0,0,,0,uptime,3,0,0,,0,,10074,system.uptime,System uptime,,30,0,0,,,7
23150,,,0,0,0,365,,,0,0,,0,,,0,60,,0,,,1,0,0,0,0,0,0,,,0,0,,0,uptime,3,0,0,,0,,10081,system.uptime,System uptime,,30,0,0,,,7
22899,,,0,0,0,365,,,0,0,,0,,,0,600,,0,,,1,0,0,0,0,0,0,,,0,0,,0,uptime,3,0,0,,0,,10075,system.uptime,System uptime,,30,0,0,,,7
22939,,,0,0,0,365,,,0,0,,0,,,0,600,,0,,,1,0,0,0,0,0,0,,,0,0,,0,uptime,3,0,0,,0,,10076,system.uptime,System uptime,,30,0,0,,,7
23717,,,0,0,0,365,,,10025,0,,0,,,0,600,,0,,,1,0,0,0,0,0,0,,,0,0,,0,uptime,3,0,0,,2,,10105,system.uptime,System uptime,,0,0,0,,,7
23019,,,0,0,0,365,,,0,0,,0,,,0,600,,0,,,1,0,0,0,0,0,0,,,0,0,,0,uptime,3,0,0,,0,,10078,system.uptime,System uptime,,30,0,0,,,7
23311,,,0,0,0,365,,,10030,0,,0,,,0,3600,,0,,,1,0,0,0,0,0,0,,,0,0,,0,B,3,0,0,,1,,10084,"system.swap.size[,total]",Total swap space,,0,0,0,,,7
10030,,,0,0,0,365,,,0,0,,0,,,0,3600,,0,,,1,0,0,0,0,0,0,,,0,0,,0,B,3,0,0,,0,,10001,"system.swap.size[,total]",Total swap space,,0,0,0,,,7
22857,,,0,0,0,365,,,0,0,,0,,,0,3600,,0,,,1,0,0,0,0,0,0,,,0,0,,0,B,3,0,0,,0,,10074,"system.swap.size[,total]",Total swap space,,30,0,0,,,7
23148,,,0,0,0,365,,,0,0,,0,,,0,3600,,0,,,1,0,0,0,0,0,0,,,0,0,,0,B,3,0,0,,0,,10081,"system.swap.size[,total]",Total swap space,,30,0,0,,,7
22897,,,0,0,0,365,,,0,0,,0,,,0,3600,,0,,,1,0,0,0,0,0,0,,,0,0,,0,B,3,0,0,,0,,10075,"system.swap.size[,total]",Total swap space,,30,0,0,,,7
23715,,,0,0,0,365,,,10030,0,,0,,,0,3600,,0,,,1,0,0,0,0,0,0,,,0,0,,0,B,3,0,0,,2,,10105,"system.swap.size[,total]",Total swap space,,0,0,0,,,7
23017,,,0,0,0,365,,,0,0,,0,,,0,3600,,0,,,1,0,0,0,0,0,0,,,0,0,,0,B,3,0,0,,0,,10078,"system.swap.size[,total]",Total swap space,,30,0,0,,,7
23213,,,0,0,0,365,,,0,0,,0,,,0,3600,,0,,,1,16,0,0,0,0,0,,,0,0,,0,,3,0,0,,0,,10082,"jmx[""java.lang:type=OperatingSystem"",MaxFileDescriptorCount]",os Max File Descriptor Count,,30,0,0,,,7
23214,,,0,0,0,365,,,0,0,,0,,,0,60,,0,,,1,16,0,0,0,0,0,,,0,0,,0,,3,0,0,,0,,10082,"jmx[""java.lang:type=OperatingSystem"",OpenFileDescriptorCount]",os Open File Descriptor Count,,30,0,0,,,7
23637,,,0,1,0,365,,,0,0,,0,,,0,60,,0,,,100,16,0,0,0,0,0,,,0,0,,0,%,0,0,0,,0,,10082,"jmx[""java.lang:type=OperatingSystem"",ProcessCpuLoad]",os Process CPU Load,,30,0,0,,,7
