status,functions,description,state,url,type,templateid,lastchange,value,priority,triggerid,flags,comments,error,expression
0,"[{u'itemid': u'10010', u'function': u'avg', u'triggerid': u'10010', u'parameter': u'5m', u'functionid': u'13078'}]",Processor load is too high on {HOST.NAME},0,,0,0,0,0,2,10010,0,,,{13078}>5
0,"[{u'itemid': u'10013', u'function': u'avg', u'triggerid': u'10011', u'parameter': u'5m', u'functionid': u'13084'}]",Too many processes running on {HOST.NAME},0,,0,0,0,0,2,10011,0,,,{13084}>30
0,"[{u'itemid': u'17350', u'function': u'last', u'triggerid': u'10012', u'parameter': u'0', u'functionid': u'12580'}]",Lack of free swap space on {HOST.NAME},0,,0,0,0,0,2,10012,0,It probably means that the systems requires more physical memory.,,{12580}<50
0,"[{u'itemid': u'10019', u'function': u'diff', u'triggerid': u'10016', u'parameter': u'0', u'functionid': u'10199'}]",/etc/passwd has been changed on {HOST.NAME},0,,0,0,0,0,2,10016,0,,,{10199}>0
0,"[{u'itemid': u'10025', u'function': u'change', u'triggerid': u'10021', u'parameter': u'0', u'functionid': u'12583'}]",{HOST.NAME} has just been restarted,0,,0,0,0,0,1,10021,0,,,{12583}<0
0,"[{u'itemid': u'10055', u'function': u'last', u'triggerid': u'10041', u'parameter': u'0', u'functionid': u'10204'}]",Configured max number of processes is too low on {HOST.NAME},0,,0,0,0,0,1,10041,0,,,{10204}<256
0,"[{u'itemid': u'10056', u'function': u'last', u'triggerid': u'10042', u'parameter': u'0', u'functionid': u'12553'}]",Configured max number of opened files is too low on {HOST.NAME},0,,0,0,0,0,1,10042,0,,,{12553}<1024
0,"[{u'itemid': u'10057', u'function': u'diff', u'triggerid': u'10043', u'parameter': u'0', u'functionid': u'10208'}]",Hostname was changed on {HOST.NAME},0,,0,0,0,0,1,10043,0,,,{10208}>0
0,"[{u'itemid': u'10058', u'function': u'diff', u'triggerid': u'10044', u'parameter': u'0', u'functionid': u'10207'}]",Host information was changed on {HOST.NAME},0,,0,0,0,0,1,10044,0,,,{10207}>0
0,"[{u'itemid': u'10059', u'function': u'diff', u'triggerid': u'10045', u'parameter': u'0', u'functionid': u'12927'}]",Version of zabbix_agent(d) was changed on {HOST.NAME},0,,0,13026,0,0,1,10045,0,,,{12927}>0
0,"[{u'itemid': u'10020', u'function': u'nodata', u'triggerid': u'10047', u'parameter': u'5m', u'functionid': u'12550'}]",Zabbix agent on {HOST.NAME} is unreachable for 5 minutes,0,,0,13025,0,0,3,10047,0,,,{12550}=1
0,"[{u'itemid': u'10009', u'function': u'avg', u'triggerid': u'10190', u'parameter': u'5m', u'functionid': u'13082'}]",Too many processes on {HOST.NAME},0,,0,0,0,0,2,10190,0,,,{13082}>300
0,"[{u'itemid': u'22181', u'function': u'last', u'triggerid': u'13000', u'parameter': u'0', u'functionid': u'13195'}]",Lack of available memory on server {HOST.NAME},0,,0,0,0,0,3,13000,0,,,{13195}<900M
0,"[{u'itemid': u'22189', u'function': u'min', u'triggerid': u'13015', u'parameter': u'10m', u'functionid': u'12641'}]",Less than 25% free in the configuration cache,0,,0,0,0,0,3,13015,0,Consider increasing CacheSize in the zabbix_server.conf configuration file,,{12641}<25
0,"[{u'itemid': u'22396', u'function': u'min', u'triggerid': u'13017', u'parameter': u'10m', u'functionid': u'12651'}]",Less than 25% free in the text history cache,0,,0,0,0,0,3,13017,0,,,{12651}<25
0,"[{u'itemid': u'22185', u'function': u'min', u'triggerid': u'13019', u'parameter': u'10m', u'functionid': u'12649'}]",Less than 25% free in the trends cache,0,,0,0,0,0,3,13019,0,,,{12649}<25
0,"[{u'itemid': u'22219', u'function': u'min', u'triggerid': u'13023', u'parameter': u'10m', u'functionid': u'12653'}]",More than 100 items having missing data for more than 10 minutes,0,,0,0,0,0,2,13023,0,"zabbix[queue,10m] item is collecting data about how many items are missing data for more than 10 minutes (next parameter)",,{12653}>100
0,"[{u'itemid': u'22232', u'function': u'nodata', u'triggerid': u'13025', u'parameter': u'5m', u'functionid': u'12549'}]",Zabbix agent on {HOST.NAME} is unreachable for 5 minutes,0,,0,0,0,0,3,13025,0,,,{12549}=1
0,"[{u'itemid': u'22231', u'function': u'diff', u'triggerid': u'13026', u'parameter': u'0', u'functionid': u'12926'}]",Version of zabbix_agent(d) was changed on {HOST.NAME},0,,0,0,0,0,1,13026,0,,,{12926}>0
0,"[{u'itemid': u'22183', u'function': u'min', u'triggerid': u'13073', u'parameter': u'10m', u'functionid': u'12645'}]",Less than 25% free in the history cache,0,,0,0,0,0,3,13073,0,,,{12645}<25
0,"[{u'itemid': u'22191', u'function': u'min', u'triggerid': u'13074', u'parameter': u'10m', u'functionid': u'12646'}]",Less than 5% free in the value cache,0,,0,0,0,0,3,13074,0,,,{12646}<5
0,"[{u'itemid': u'23620', u'function': u'min', u'triggerid': u'13075', u'parameter': u'10m', u'functionid': u'12648'}]",Less than 5% free in the value cache,0,,0,13074,1449477820,0,3,13075,0,,,{12648}<5
0,"[{u'itemid': u'22424', u'function': u'avg', u'triggerid': u'13080', u'parameter': u'10m', u'functionid': u'13099'}]",Zabbix alerter processes more than 75% busy,0,,0,0,0,0,3,13080,0,,,({TRIGGER.VALUE}=0 and {13099}>75) or ({TRIGGER.VALUE}=1 and {13099}>65)
0,"[{u'itemid': u'22412', u'function': u'avg', u'triggerid': u'13081', u'parameter': u'10m', u'functionid': u'13101'}]",Zabbix configuration syncer processes more than 75% busy,0,,0,0,0,0,3,13081,0,,,({TRIGGER.VALUE}=0 and {13101}>75) or ({TRIGGER.VALUE}=1 and {13101}>65)
0,"[{u'itemid': u'22410', u'function': u'avg', u'triggerid': u'13082', u'parameter': u'10m', u'functionid': u'13103'}]",Zabbix db watchdog processes more than 75% busy,0,,0,0,0,0,3,13082,0,,,({TRIGGER.VALUE}=0 and {13103}>75) or ({TRIGGER.VALUE}=1 and {13103}>65)
0,"[{u'itemid': u'22430', u'function': u'avg', u'triggerid': u'13083', u'parameter': u'10m', u'functionid': u'13105'}]",Zabbix discoverer processes more than 75% busy,0,,0,0,0,0,3,13083,0,,,({TRIGGER.VALUE}=0 and {13105}>75) or ({TRIGGER.VALUE}=1 and {13105}>65)
0,"[{u'itemid': u'22422', u'function': u'avg', u'triggerid': u'13084', u'parameter': u'10m', u'functionid': u'13107'}]",Zabbix escalator processes more than 75% busy,0,,0,0,0,0,3,13084,0,,,({TRIGGER.VALUE}=0 and {13107}>75) or ({TRIGGER.VALUE}=1 and {13107}>65)
0,"[{u'itemid': u'22406', u'function': u'avg', u'triggerid': u'13085', u'parameter': u'10m', u'functionid': u'13109'}]",Zabbix history syncer processes more than 75% busy,0,,0,0,0,0,3,13085,0,,,({TRIGGER.VALUE}=0 and {13109}>75) or ({TRIGGER.VALUE}=1 and {13109}>65)
0,"[{u'itemid': u'22408', u'function': u'avg', u'triggerid': u'13086', u'parameter': u'30m', u'functionid': u'13111'}]",Zabbix housekeeper processes more than 75% busy,0,,0,0,0,0,3,13086,0,,,({TRIGGER.VALUE}=0 and {13111}>75) or ({TRIGGER.VALUE}=1 and {13111}>65)
0,"[{u'itemid': u'22402', u'function': u'avg', u'triggerid': u'13087', u'parameter': u'10m', u'functionid': u'13113'}]",Zabbix http poller processes more than 75% busy,0,,0,0,0,0,3,13087,0,,,({TRIGGER.VALUE}=0 and {13113}>75) or ({TRIGGER.VALUE}=1 and {13113}>65)
1,"[{u'itemid': u'22418', u'function': u'avg', u'triggerid': u'13088', u'parameter': u'1m', u'functionid': u'13198'}]",Zabbix icmp pinger processes more than 75% busy,0,,0,0,0,0,3,13088,0,,,({TRIGGER.VALUE}=0 and {13198}>75) or ({TRIGGER.VALUE}=1 and {13198}>65)
0,"[{u'itemid': u'22416', u'function': u'avg', u'triggerid': u'13089', u'parameter': u'10m', u'functionid': u'13117'}]",Zabbix ipmi poller processes more than 75% busy,0,,0,0,0,0,3,13089,0,,,({TRIGGER.VALUE}=0 and {13117}>75) or ({TRIGGER.VALUE}=1 and {13117}>65)
0,"[{u'itemid': u'22399', u'function': u'avg', u'triggerid': u'13091', u'parameter': u'10m', u'functionid': u'13123'}]",Zabbix poller processes more than 75% busy,0,,0,0,0,0,3,13091,0,,,({TRIGGER.VALUE}=0 and {13123}>75) or ({TRIGGER.VALUE}=1 and {13123}>65)
0,"[{u'itemid': u'22420', u'function': u'avg', u'triggerid': u'13092', u'parameter': u'10m', u'functionid': u'13125'}]",Zabbix proxy poller processes more than 75% busy,0,,0,0,0,0,3,13092,0,,,({TRIGGER.VALUE}=0 and {13125}>75) or ({TRIGGER.VALUE}=1 and {13125}>65)
0,"[{u'itemid': u'22414', u'function': u'min', u'triggerid': u'13093', u'parameter': u'10m', u'functionid': u'13029'}]",Zabbix self-monitoring processes more than 75% busy,0,,0,0,0,0,3,13093,0,,,({TRIGGER.VALUE}=0 and {13029}>75) or ({TRIGGER.VALUE}=1 and {13029}>65)
0,"[{u'itemid': u'22426', u'function': u'avg', u'triggerid': u'13094', u'parameter': u'10m', u'functionid': u'13129'}]",Zabbix timer processes more than 75% busy,0,,0,0,0,0,3,13094,0,,,({TRIGGER.VALUE}=0 and {13129}>75) or ({TRIGGER.VALUE}=1 and {13129}>65)
0,"[{u'itemid': u'22404', u'function': u'avg', u'triggerid': u'13095', u'parameter': u'10m', u'functionid': u'13131'}]",Zabbix trapper processes more than 75% busy,0,,0,0,0,0,3,13095,0,,,({TRIGGER.VALUE}=0 and {13131}>75) or ({TRIGGER.VALUE}=1 and {13131}>65)
0,"[{u'itemid': u'22400', u'function': u'avg', u'triggerid': u'13096', u'parameter': u'10m', u'functionid': u'13133'}]",Zabbix unreachable poller processes more than 75% busy,0,,0,0,0,0,3,13096,0,,,({TRIGGER.VALUE}=0 and {13133}>75) or ({TRIGGER.VALUE}=1 and {13133}>65)
0,"[{u'itemid': u'22401', u'function': u'avg', u'triggerid': u'13097', u'parameter': u'10m', u'functionid': u'13135'}]",Zabbix vmware collector processes more than 75% busy,0,,0,0,0,0,3,13097,0,,,({TRIGGER.VALUE}=0 and {13135}>75) or ({TRIGGER.VALUE}=1 and {13135}>65)
0,"[{u'itemid': u'17362', u'function': u'avg', u'triggerid': u'13243', u'parameter': u'5m', u'functionid': u'13080'}]",Disk I/O is overloaded on {HOST.NAME},0,,0,0,0,0,2,13243,0,OS spends significant time waiting for I/O (input/output) operations. It could be indicator of performance issues with storage system.,,{13080}>20
0,"[{u'itemid': u'22689', u'function': u'avg', u'triggerid': u'13275', u'parameter': u'10m', u'functionid': u'13119'}]",Zabbix java poller processes more than 75% busy,0,,0,0,0,0,3,13275,0,,,({TRIGGER.VALUE}=0 and {13119}>75) or ({TRIGGER.VALUE}=1 and {13119}>65)
0,"[{u'itemid': u'23654', u'function': u'max', u'triggerid': u'13285', u'parameter': u'#3', u'functionid': u'13159'}]",Telnet service is down on {HOST.NAME},0,,0,0,0,0,3,13285,0,,,{13159}=0
0,"[{u'itemid': u'22808', u'function': u'last', u'triggerid': u'13295', u'parameter': u'0', u'functionid': u'12682'}]",Baseboard Temp Critical [{ITEM.VALUE}],0,,0,0,0,0,5,13295,0,,,{12682}<5 or {12682}>90
0,"[{u'itemid': u'22808', u'function': u'last', u'triggerid': u'13296', u'parameter': u'0', u'functionid': u'12683'}]",Baseboard Temp Non-Critical [{ITEM.VALUE}],0,,0,0,0,0,4,13296,0,,,{12683}<10 or {12683}>83
0,"[{u'itemid': u'22809', u'function': u'last', u'triggerid': u'13297', u'parameter': u'0', u'functionid': u'12684'}]",BB +1.05V PCH Critical [{ITEM.VALUE}],0,,0,0,0,0,5,13297,0,,,{12684}<0.953 or {12684}>1.149
0,"[{u'itemid': u'22809', u'function': u'last', u'triggerid': u'13298', u'parameter': u'0', u'functionid': u'12685'}]",BB +1.05V PCH Non-Critical [{ITEM.VALUE}],0,,0,0,0,0,4,13298,0,,,{12685}<0.985 or {12685}>1.117
0,"[{u'itemid': u'22810', u'function': u'last', u'triggerid': u'13299', u'parameter': u'0', u'functionid': u'12686'}]",BB +1.1V P1 Vccp Critical [{ITEM.VALUE}],0,,0,0,0,0,5,13299,0,,,{12686}<0.683 or {12686}>1.543
0,"[{u'itemid': u'22810', u'function': u'last', u'triggerid': u'13300', u'parameter': u'0', u'functionid': u'12687'}]",BB +1.1V P1 Vccp Non-Critical [{ITEM.VALUE}],0,,0,0,0,0,4,13300,0,,,{12687}<0.708 or {12687}>1.501
0,"[{u'itemid': u'22811', u'function': u'last', u'triggerid': u'13301', u'parameter': u'0', u'functionid': u'12688'}]",BB +1.5V P1 DDR3 Critical [{ITEM.VALUE}],0,,0,0,0,0,5,13301,0,,,{12688}<1.362 or {12688}>1.635
0,"[{u'itemid': u'22811', u'function': u'last', u'triggerid': u'13302', u'parameter': u'0', u'functionid': u'12689'}]",BB +1.5V P1 DDR3 Non-Critical [{ITEM.VALUE}],0,,0,0,0,0,4,13302,0,,,{12689}<1.401 or {12689}>1.589
0,"[{u'itemid': u'22800', u'function': u'last', u'triggerid': u'13303', u'parameter': u'0', u'functionid': u'12690'}]",BB +1.8V SM Critical [{ITEM.VALUE}],0,,0,0,0,0,5,13303,0,,,{12690}<1.597 or {12690}>2.019
0,"[{u'itemid': u'22800', u'function': u'last', u'triggerid': u'13304', u'parameter': u'0', u'functionid': u'12691'}]",BB +1.8V SM Non-Critical [{ITEM.VALUE}],0,,0,0,0,0,4,13304,0,,,{12691}<1.646 or {12691}>1.960
0,"[{u'itemid': u'22801', u'function': u'last', u'triggerid': u'13305', u'parameter': u'0', u'functionid': u'12692'}]",BB +3.3V Critical [{ITEM.VALUE}],0,,0,0,0,0,5,13305,0,,,{12692}<2.876 or {12692}>3.729
0,"[{u'itemid': u'22812', u'function': u'last', u'triggerid': u'13306', u'parameter': u'0', u'functionid': u'12693'}]",BB +3.3V Critical [{ITEM.VALUE}],0,,0,0,0,0,5,13306,0,,,{12693}<2.982 or {12693}>3.625
0,"[{u'itemid': u'22801', u'function': u'last', u'triggerid': u'13307', u'parameter': u'0', u'functionid': u'12694'}]",BB +3.3V Non-Critical [{ITEM.VALUE}],0,,0,0,0,0,4,13307,0,,,{12694}<2.970 or {12694}>3.618
0,"[{u'itemid': u'22812', u'function': u'last', u'triggerid': u'13308', u'parameter': u'0', u'functionid': u'12695'}]",BB +3.3V Non-Critical [{ITEM.VALUE}],0,,0,0,0,0,4,13308,0,,,{12695}<3.067 or {12695}>3.525
0,"[{u'itemid': u'22802', u'function': u'last', u'triggerid': u'13309', u'parameter': u'0', u'functionid': u'12696'}]",BB +3.3V STBY Critical [{ITEM.VALUE}],0,,0,0,0,0,5,13309,0,,,{12696}<2.876 or {12696}>3.729
0,"[{u'itemid': u'22813', u'function': u'last', u'triggerid': u'13310', u'parameter': u'0', u'functionid': u'12697'}]",BB +3.3V STBY Critical [{ITEM.VALUE}],0,,0,0,0,0,5,13310,0,,,{12697}<2.982 or {12697}>3.625
0,"[{u'itemid': u'22802', u'function': u'last', u'triggerid': u'13311', u'parameter': u'0', u'functionid': u'12698'}]",BB +3.3V STBY Non-Critical [{ITEM.VALUE}],0,,0,0,0,0,4,13311,0,,,{12698}<2.970 or {12698}>3.618
0,"[{u'itemid': u'22813', u'function': u'last', u'triggerid': u'13312', u'parameter': u'0', u'functionid': u'12699'}]",BB +3.3V STBY Non-Critical [{ITEM.VALUE}],0,,0,0,0,0,4,13312,0,,,{12699}<3.067 or {12699}>3.525
0,"[{u'itemid': u'22814', u'function': u'last', u'triggerid': u'13313', u'parameter': u'0', u'functionid': u'12700'}]",BB +5.0V Critical [{ITEM.VALUE}],0,,0,0,0,0,5,13313,0,,,{12700}<4.471 or {12700}>5.538
0,"[{u'itemid': u'22803', u'function': u'last', u'triggerid': u'13314', u'parameter': u'0', u'functionid': u'12701'}]",BB +5.0V Critical [{ITEM.VALUE}],0,,0,0,0,0,5,13314,0,,,{12701}<4.362 or {12701}>5.663
0,"[{u'itemid': u'22814', u'function': u'last', u'triggerid': u'13315', u'parameter': u'0', u'functionid': u'12702'}]",BB +5.0V Non-Critical [{ITEM.VALUE}],0,,0,0,0,0,4,13315,0,,,{12702}<4.630 or {12702}>5.380
0,"[{u'itemid': u'22803', u'function': u'last', u'triggerid': u'13316', u'parameter': u'0', u'functionid': u'12703'}]",BB +5.0V Non-Critical [{ITEM.VALUE}],0,,0,0,0,0,4,13316,0,,,{12703}<4.483 or {12703}>5.495
0,"[{u'itemid': u'22804', u'function': u'last', u'triggerid': u'13317', u'parameter': u'0', u'functionid': u'12704'}]",BB Ambient Temp Critical [{ITEM.VALUE}],0,,0,0,0,0,5,13317,0,,,{12704}<5 or {12704}>66
0,"[{u'itemid': u'22804', u'function': u'last', u'triggerid': u'13318', u'parameter': u'0', u'functionid': u'12705'}]",BB Ambient Temp Non-Critical [{ITEM.VALUE}],0,,0,0,0,0,4,13318,0,,,{12705}<10 or {12705}>61
0,"[{u'itemid': u'22815', u'function': u'last', u'triggerid': u'13319', u'parameter': u'0', u'functionid': u'12706'}]",Front Panel Temp Critical [{ITEM.VALUE}],0,,0,0,0,0,5,13319,0,,,{12706}<0 or {12706}>48
0,"[{u'itemid': u'22815', u'function': u'last', u'triggerid': u'13320', u'parameter': u'0', u'functionid': u'12707'}]",Front Panel Temp Non-Critical [{ITEM.VALUE}],0,,0,0,0,0,4,13320,0,,,{12707}<5 or {12707}>44
0,"[{u'itemid': u'22816', u'function': u'last', u'triggerid': u'13321', u'parameter': u'0', u'functionid': u'12708'}]",Power,0,,0,0,0,0,2,13321,0,,,{12708}=0
0,"[{u'itemid': u'22805', u'function': u'last', u'triggerid': u'13322', u'parameter': u'0', u'functionid': u'12709'}]",Power,0,,0,0,0,0,2,13322,0,,,{12709}=0
0,"[{u'itemid': u'22817', u'function': u'last', u'triggerid': u'13323', u'parameter': u'0', u'functionid': u'12710'}]",System Fan 2 Critical [{ITEM.VALUE}],0,,0,0,0,0,5,13323,0,,,{12710}<324
0,"[{u'itemid': u'22817', u'function': u'last', u'triggerid': u'13324', u'parameter': u'0', u'functionid': u'12711'}]",System Fan 2 Non-Critical [{ITEM.VALUE}],0,,0,0,0,0,4,13324,0,,,{12711}<378
0,"[{u'itemid': u'22818', u'function': u'last', u'triggerid': u'13325', u'parameter': u'0', u'functionid': u'12712'}]",System Fan 3 Critical [{ITEM.VALUE}],0,,0,0,0,0,5,13325,0,,,{12712}<324
0,"[{u'itemid': u'22818', u'function': u'last', u'triggerid': u'13326', u'parameter': u'0', u'functionid': u'12713'}]",System Fan 3 Non-Critical [{ITEM.VALUE}],0,,0,0,0,0,4,13326,0,,,{12713}<378
0,"[{u'itemid': u'22819', u'function': u'last', u'triggerid': u'13327', u'parameter': u'0', u'functionid': u'13155'}]",MySQL is down,0,,0,0,0,0,5,13327,0,,,{13155}=0
0,"[{u'itemid': u'22833', u'function': u'nodata', u'triggerid': u'13328', u'parameter': u'5m', u'functionid': u'12715'}]",Zabbix agent on {HOST.NAME} is unreachable for 5 minutes,0,,0,13025,0,0,3,13328,0,,,{12715}=1
0,"[{u'itemid': u'22834', u'function': u'diff', u'triggerid': u'13329', u'parameter': u'0', u'functionid': u'12929'}]",Version of zabbix_agent(d) was changed on {HOST.NAME},0,,0,13026,0,0,1,13329,0,,,{12929}>0
0,"[{u'itemid': u'22835', u'function': u'last', u'triggerid': u'13330', u'parameter': u'0', u'functionid': u'12717'}]",Configured max number of opened files is too low on {HOST.NAME},0,,0,0,0,0,1,13330,0,,,{12717}<1024
0,"[{u'itemid': u'22836', u'function': u'last', u'triggerid': u'13331', u'parameter': u'0', u'functionid': u'12718'}]",Configured max number of processes is too low on {HOST.NAME},0,,0,0,0,0,1,13331,0,,,{12718}<256
0,"[{u'itemid': u'22837', u'function': u'avg', u'triggerid': u'13332', u'parameter': u'5m', u'functionid': u'13089'}]",Too many processes running on {HOST.NAME},0,,0,0,0,0,2,13332,0,,,{13089}>30
0,"[{u'itemid': u'22838', u'function': u'avg', u'triggerid': u'13333', u'parameter': u'5m', u'functionid': u'13088'}]",Too many processes on {HOST.NAME},0,,0,0,0,0,2,13333,0,,,{13088}>300
0,"[{u'itemid': u'22842', u'function': u'avg', u'triggerid': u'13334', u'parameter': u'5m', u'functionid': u'13087'}]",Processor load is too high on {HOST.NAME},0,,0,0,0,0,2,13334,0,,,{13087}>5
0,"[{u'itemid': u'22853', u'function': u'diff', u'triggerid': u'13336', u'parameter': u'0', u'functionid': u'12723'}]",Hostname was changed on {HOST.NAME},0,,0,0,0,0,1,13336,0,,,{12723}>0
0,"[{u'itemid': u'22856', u'function': u'last', u'triggerid': u'13337', u'parameter': u'0', u'functionid': u'12724'}]",Lack of free swap space on {HOST.NAME},0,,0,0,0,0,2,13337,0,It probably means that the systems requires more physical memory.,,{12724}<50
0,"[{u'itemid': u'22858', u'function': u'diff', u'triggerid': u'13338', u'parameter': u'0', u'functionid': u'12725'}]",Host information was changed on {HOST.NAME},0,,0,0,0,0,1,13338,0,,,{12725}>0
0,"[{u'itemid': u'22859', u'function': u'change', u'triggerid': u'13339', u'parameter': u'0', u'functionid': u'12726'}]",{HOST.NAME} has just been restarted,0,,0,0,0,0,1,13339,0,,,{12726}<0
0,"[{u'itemid': u'22861', u'function': u'diff', u'triggerid': u'13340', u'parameter': u'0', u'functionid': u'12727'}]",/etc/passwd has been changed on {HOST.NAME},0,,0,0,0,0,2,13340,0,,,{12727}>0
0,"[{u'itemid': u'22862', u'function': u'last', u'triggerid': u'13341', u'parameter': u'0', u'functionid': u'12728'}]",Lack of available memory on server {HOST.NAME},0,,0,0,0,0,3,13341,0,,,{12728}<20M
0,"[{u'itemid': u'22873', u'function': u'nodata', u'triggerid': u'13344', u'parameter': u'5m', u'functionid': u'12731'}]",Zabbix agent on {HOST.NAME} is unreachable for 5 minutes,0,,0,13025,0,0,3,13344,0,,,{12731}=1
0,"[{u'itemid': u'22874', u'function': u'diff', u'triggerid': u'13345', u'parameter': u'0', u'functionid': u'12930'}]",Version of zabbix_agent(d) was changed on {HOST.NAME},0,,0,13026,0,0,1,13345,0,,,{12930}>0
0,"[{u'itemid': u'22875', u'function': u'last', u'triggerid': u'13346', u'parameter': u'0', u'functionid': u'12733'}]",Configured max number of opened files is too low on {HOST.NAME},0,,0,0,0,0,1,13346,0,,,{12733}<1024
0,"[{u'itemid': u'22876', u'function': u'last', u'triggerid': u'13347', u'parameter': u'0', u'functionid': u'12734'}]",Configured max number of processes is too low on {HOST.NAME},0,,0,0,0,0,1,13347,0,,,{12734}<256
0,"[{u'itemid': u'22877', u'function': u'avg', u'triggerid': u'13348', u'parameter': u'5m', u'functionid': u'13074'}]",Too many processes running on {HOST.NAME},0,,0,0,0,0,2,13348,0,,,{13074}>30
0,"[{u'itemid': u'22878', u'function': u'avg', u'triggerid': u'13349', u'parameter': u'5m', u'functionid': u'13073'}]",Too many processes on {HOST.NAME},0,,0,0,0,0,2,13349,0,,,{13073}>300
0,"[{u'itemid': u'22882', u'function': u'avg', u'triggerid': u'13350', u'parameter': u'5m', u'functionid': u'13072'}]",Processor load is too high on {HOST.NAME},0,,0,0,0,0,2,13350,0,,,{13072}>5
0,"[{u'itemid': u'22893', u'function': u'diff', u'triggerid': u'13352', u'parameter': u'0', u'functionid': u'12739'}]",Hostname was changed on {HOST.NAME},0,,0,0,0,0,1,13352,0,,,{12739}>0
0,"[{u'itemid': u'22896', u'function': u'last', u'triggerid': u'13353', u'parameter': u'0', u'functionid': u'12740'}]",Lack of free swap space on {HOST.NAME},0,,0,0,0,0,2,13353,0,It probably means that the systems requires more physical memory.,,{12740}<50
0,"[{u'itemid': u'22898', u'function': u'diff', u'triggerid': u'13354', u'parameter': u'0', u'functionid': u'12741'}]",Host information was changed on {HOST.NAME},0,,0,0,0,0,1,13354,0,,,{12741}>0
0,"[{u'itemid': u'22899', u'function': u'change', u'triggerid': u'13355', u'parameter': u'0', u'functionid': u'12742'}]",{HOST.NAME} has just been restarted,0,,0,0,0,0,1,13355,0,,,{12742}<0
0,"[{u'itemid': u'22901', u'function': u'diff', u'triggerid': u'13356', u'parameter': u'0', u'functionid': u'12743'}]",/etc/passwd has been changed on {HOST.NAME},0,,0,0,0,0,2,13356,0,,,{12743}>0
0,"[{u'itemid': u'22902', u'function': u'last', u'triggerid': u'13357', u'parameter': u'0', u'functionid': u'12744'}]",Lack of available memory on server {HOST.NAME},0,,0,0,0,0,3,13357,0,,,{12744}<20M
0,"[{u'itemid': u'22913', u'function': u'nodata', u'triggerid': u'13360', u'parameter': u'5m', u'functionid': u'12747'}]",Zabbix agent on {HOST.NAME} is unreachable for 5 minutes,0,,0,13025,0,0,3,13360,0,,,{12747}=1
0,"[{u'itemid': u'22914', u'function': u'diff', u'triggerid': u'13361', u'parameter': u'0', u'functionid': u'12931'}]",Version of zabbix_agent(d) was changed on {HOST.NAME},0,,0,13026,0,0,1,13361,0,,,{12931}>0
0,"[{u'itemid': u'22917', u'function': u'avg', u'triggerid': u'13364', u'parameter': u'5m', u'functionid': u'13071'}]",Too many processes running on {HOST.NAME},0,,0,0,0,0,2,13364,0,,,{13071}>30
0,"[{u'itemid': u'22918', u'function': u'avg', u'triggerid': u'13365', u'parameter': u'5m', u'functionid': u'13070'}]",Too many processes on {HOST.NAME},0,,0,0,0,0,2,13365,0,,,{13070}>300
0,"[{u'itemid': u'22922', u'function': u'avg', u'triggerid': u'13366', u'parameter': u'5m', u'functionid': u'13069'}]",Processor load is too high on {HOST.NAME},0,,0,0,0,0,2,13366,0,,,{13069}>5
0,"[{u'itemid': u'23115', u'function': u'avg', u'triggerid': u'13367', u'parameter': u'5m', u'functionid': u'13068'}]",Disk I/O is overloaded on {HOST.NAME},0,,0,0,0,0,2,13367,0,OS spends significant time waiting for I/O (input/output) operations. It could be indicator of performance issues with storage system.,,{13068}>20
0,"[{u'itemid': u'22933', u'function': u'diff', u'triggerid': u'13368', u'parameter': u'0', u'functionid': u'12755'}]",Hostname was changed on {HOST.NAME},0,,0,0,0,0,1,13368,0,,,{12755}>0
0,"[{u'itemid': u'22938', u'function': u'diff', u'triggerid': u'13370', u'parameter': u'0', u'functionid': u'12757'}]",Host information was changed on {HOST.NAME},0,,0,0,0,0,1,13370,0,,,{12757}>0
0,"[{u'itemid': u'22939', u'function': u'change', u'triggerid': u'13371', u'parameter': u'0', u'functionid': u'12758'}]",{HOST.NAME} has just been restarted,0,,0,0,0,0,1,13371,0,,,{12758}<0
0,"[{u'itemid': u'22941', u'function': u'diff', u'triggerid': u'13372', u'parameter': u'0', u'functionid': u'12759'}]",/etc/passwd has been changed on {HOST.NAME},0,,0,0,0,0,2,13372,0,,,{12759}>0
0,"[{u'itemid': u'22942', u'function': u'last', u'triggerid': u'13373', u'parameter': u'0', u'functionid': u'12760'}]",Lack of available memory on server {HOST.NAME},0,,0,0,0,0,3,13373,0,,,{12760}<20M
0,"[{u'itemid': u'22953', u'function': u'nodata', u'triggerid': u'13376', u'parameter': u'5m', u'functionid': u'12763'}]",Zabbix agent on {HOST.NAME} is unreachable for 5 minutes,0,,0,13025,0,0,3,13376,0,,,{12763}=1
0,"[{u'itemid': u'22954', u'function': u'diff', u'triggerid': u'13377', u'parameter': u'0', u'functionid': u'12932'}]",Version of zabbix_agent(d) was changed on {HOST.NAME},0,,0,13026,0,0,1,13377,0,,,{12932}>0
0,"[{u'itemid': u'22962', u'function': u'avg', u'triggerid': u'13382', u'parameter': u'5m', u'functionid': u'13075'}]",Processor load is too high on {HOST.NAME},0,,0,0,0,0,2,13382,0,,,{13075}>5
0,"[{u'itemid': u'22973', u'function': u'diff', u'triggerid': u'13384', u'parameter': u'0', u'functionid': u'12771'}]",Hostname was changed on {HOST.NAME},0,,0,0,0,0,1,13384,0,,,{12771}>0
0,"[{u'itemid': u'22978', u'function': u'diff', u'triggerid': u'13386', u'parameter': u'0', u'functionid': u'12773'}]",Host information was changed on {HOST.NAME},0,,0,0,0,0,1,13386,0,,,{12773}>0
0,"[{u'itemid': u'22981', u'function': u'diff', u'triggerid': u'13388', u'parameter': u'0', u'functionid': u'12775'}]",/etc/passwd has been changed on {HOST.NAME},0,,0,0,0,0,2,13388,0,,,{12775}>0
0,"[{u'itemid': u'22982', u'function': u'last', u'triggerid': u'13389', u'parameter': u'0', u'functionid': u'12776'}]",Lack of available memory on server {HOST.NAME},0,,0,0,0,0,3,13389,0,,,{12776}<20M
0,"[{u'itemid': u'22993', u'function': u'nodata', u'triggerid': u'13392', u'parameter': u'5m', u'functionid': u'12779'}]",Zabbix agent on {HOST.NAME} is unreachable for 5 minutes,0,,0,13025,0,0,3,13392,0,,,{12779}=1
0,"[{u'itemid': u'22994', u'function': u'diff', u'triggerid': u'13393', u'parameter': u'0', u'functionid': u'12933'}]",Version of zabbix_agent(d) was changed on {HOST.NAME},0,,0,13026,0,0,1,13393,0,,,{12933}>0
0,"[{u'itemid': u'22996', u'function': u'last', u'triggerid': u'13395', u'parameter': u'0', u'functionid': u'12782'}]",Configured max number of processes is too low on {HOST.NAME},0,,0,0,0,0,1,13395,0,,,{12782}<256
0,"[{u'itemid': u'22997', u'function': u'avg', u'triggerid': u'13396', u'parameter': u'5m', u'functionid': u'13093'}]",Too many processes running on {HOST.NAME},0,,0,0,0,0,2,13396,0,,,{13093}>30
0,"[{u'itemid': u'22998', u'function': u'avg', u'triggerid': u'13397', u'parameter': u'5m', u'functionid': u'13092'}]",Too many processes on {HOST.NAME},0,,0,0,0,0,2,13397,0,,,{13092}>300
0,"[{u'itemid': u'23002', u'function': u'avg', u'triggerid': u'13398', u'parameter': u'5m', u'functionid': u'13091'}]",Processor load is too high on {HOST.NAME},0,,0,0,0,0,2,13398,0,,,{13091}>5
0,"[{u'itemid': u'23007', u'function': u'avg', u'triggerid': u'13399', u'parameter': u'5m', u'functionid': u'13090'}]",Disk I/O is overloaded on {HOST.NAME},0,,0,0,0,0,2,13399,0,OS spends significant time waiting for I/O (input/output) operations. It could be indicator of performance issues with storage system.,,{13090}>20
0,"[{u'itemid': u'23013', u'function': u'diff', u'triggerid': u'13400', u'parameter': u'0', u'functionid': u'12787'}]",Hostname was changed on {HOST.NAME},0,,0,0,0,0,1,13400,0,,,{12787}>0
0,"[{u'itemid': u'23016', u'function': u'last', u'triggerid': u'13401', u'parameter': u'0', u'functionid': u'12788'}]",Lack of free swap space on {HOST.NAME},0,,0,0,0,0,2,13401,0,It probably means that the systems requires more physical memory.,,{12788}<50
0,"[{u'itemid': u'23018', u'function': u'diff', u'triggerid': u'13402', u'parameter': u'0', u'functionid': u'12789'}]",Host information was changed on {HOST.NAME},0,,0,0,0,0,1,13402,0,,,{12789}>0
0,"[{u'itemid': u'23019', u'function': u'change', u'triggerid': u'13403', u'parameter': u'0', u'functionid': u'12790'}]",{HOST.NAME} has just been restarted,0,,0,0,0,0,1,13403,0,,,{12790}<0
0,"[{u'itemid': u'23021', u'function': u'diff', u'triggerid': u'13404', u'parameter': u'0', u'functionid': u'12791'}]",/etc/passwd has been changed on {HOST.NAME},0,,0,0,0,0,2,13404,0,,,{12791}>0
0,"[{u'itemid': u'23022', u'function': u'last', u'triggerid': u'13405', u'parameter': u'0', u'functionid': u'12792'}]",Lack of available memory on server {HOST.NAME},0,,0,0,0,0,3,13405,0,,,{12792}<20M
0,"[{u'itemid': u'23033', u'function': u'nodata', u'triggerid': u'13408', u'parameter': u'5m', u'functionid': u'12795'}]",Zabbix agent on {HOST.NAME} is unreachable for 5 minutes,0,,0,13025,0,0,3,13408,0,,,{12795}=1
0,"[{u'itemid': u'23034', u'function': u'diff', u'triggerid': u'13409', u'parameter': u'0', u'functionid': u'12934'}]",Version of zabbix_agent(d) was changed on {HOST.NAME},0,,0,13026,0,0,1,13409,0,,,{12934}>0
0,"[{u'itemid': u'23035', u'function': u'last', u'triggerid': u'13410', u'parameter': u'0', u'functionid': u'12797'}]",Configured max number of opened files is too low on {HOST.NAME},0,,0,0,0,0,1,13410,0,,,{12797}<1024
0,"[{u'itemid': u'23036', u'function': u'last', u'triggerid': u'13411', u'parameter': u'0', u'functionid': u'12798'}]",Configured max number of processes is too low on {HOST.NAME},0,,0,0,0,0,1,13411,0,,,{12798}<256
0,"[{u'itemid': u'23042', u'function': u'avg', u'triggerid': u'13414', u'parameter': u'5m', u'functionid': u'13086'}]",Processor load is too high on {HOST.NAME},0,,0,0,0,0,2,13414,0,,,{13086}>5
0,"[{u'itemid': u'23053', u'function': u'diff', u'triggerid': u'13416', u'parameter': u'0', u'functionid': u'12803'}]",Hostname was changed on {HOST.NAME},0,,0,0,0,0,1,13416,0,,,{12803}>0
0,"[{u'itemid': u'23058', u'function': u'diff', u'triggerid': u'13418', u'parameter': u'0', u'functionid': u'12805'}]",Host information was changed on {HOST.NAME},0,,0,0,0,0,1,13418,0,,,{12805}>0
0,"[{u'itemid': u'23059', u'function': u'change', u'triggerid': u'13419', u'parameter': u'0', u'functionid': u'12806'}]",{HOST.NAME} has just been restarted,0,,0,0,0,0,1,13419,0,,,{12806}<0
0,"[{u'itemid': u'23061', u'function': u'diff', u'triggerid': u'13420', u'parameter': u'0', u'functionid': u'12807'}]",/etc/passwd has been changed on {HOST.NAME},0,,0,0,0,0,2,13420,0,,,{12807}>0
0,"[{u'itemid': u'23062', u'function': u'last', u'triggerid': u'13421', u'parameter': u'0', u'functionid': u'12808'}]",Lack of available memory on server {HOST.NAME},0,,0,0,0,0,3,13421,0,,,{12808}<20M
0,"[{u'itemid': u'23149', u'function': u'diff', u'triggerid': u'13425', u'parameter': u'0', u'functionid': u'12812'}]",Host information was changed on {HOST.NAME},0,,0,0,0,0,3,13425,0,,,{12812}>0
0,"[{u'itemid': u'23150', u'function': u'change', u'triggerid': u'13428', u'parameter': u'0', u'functionid': u'12815'}]",{HOST.NAME} has just been restarted,0,,0,0,0,0,3,13428,0,,,{12815}<0
0,"[{u'itemid': u'23140', u'function': u'avg', u'triggerid': u'13430', u'parameter': u'5m', u'functionid': u'13095'}]",Too many processes on {HOST.NAME},0,,0,0,0,0,3,13430,0,,,{13095}>300
0,"[{u'itemid': u'23147', u'function': u'last', u'triggerid': u'13431', u'parameter': u'0', u'functionid': u'12818'}]",Lack of free swap space on {HOST.NAME},0,,0,0,0,0,3,13431,0,,,{12818}<100000
0,"[{u'itemid': u'23158', u'function': u'last', u'triggerid': u'13433', u'parameter': u'0', u'functionid': u'12820'}]",Lack of free memory on server {HOST.NAME},0,,0,0,0,0,3,13433,0,,,{12820}<10000
0,"[{u'itemid': u'23143', u'function': u'avg', u'triggerid': u'13435', u'parameter': u'5m', u'functionid': u'13094'}]",Processor load is too high on {HOST.NAME},0,,0,0,0,0,3,13435,0,,,{13094}>5
0,"[{u'itemid': u'23328', u'function': u'avg', u'triggerid': u'13436', u'parameter': u'10m', u'functionid': u'13136'}]",Zabbix vmware collector processes more than 75% busy,1,,0,13097,0,0,3,13436,0,,"No ""vmware collector"" processes started.",({TRIGGER.VALUE}=0 and {13136}>75) or ({TRIGGER.VALUE}=1 and {13136}>65)
0,"[{u'itemid': u'23160', u'function': u'nodata', u'triggerid': u'13437', u'parameter': u'5m', u'functionid': u'12824'}]",Zabbix agent on {HOST.NAME} is unreachable for 5 minutes,0,,0,13025,0,0,3,13437,0,,,{12824}=1
0,"[{u'itemid': u'23161', u'function': u'diff', u'triggerid': u'13438', u'parameter': u'0', u'functionid': u'12935'}]",Version of zabbix_agent(d) was changed on {HOST.NAME},0,,0,13026,0,0,1,13438,0,,,{12935}>0
0,"[{u'itemid': u'23171', u'function': u'avg', u'triggerid': u'13441', u'parameter': u'10m', u'functionid': u'13127'}]",Zabbix snmp trapper processes more than 75% busy,0,,0,0,0,0,3,13441,0,,,({TRIGGER.VALUE}=0 and {13127}>75) or ({TRIGGER.VALUE}=1 and {13127}>65)
0,"[{u'itemid': u'23226', u'function': u'last', u'triggerid': u'13442', u'parameter': u'0', u'functionid': u'12830'}, {u'itemid': u'23227', u'function': u'last', u'triggerid': u'13442', u'parameter': u'0', u'functionid': u'12831'}]",70% http-8080 worker threads busy on {HOST.NAME},0,,0,0,0,0,2,13442,0,,,{12830} > ({12831} * 0.7)
0,"[{u'itemid': u'23235', u'function': u'last', u'triggerid': u'13443', u'parameter': u'0', u'functionid': u'12832'}, {u'itemid': u'23236', u'function': u'last', u'triggerid': u'13443', u'parameter': u'0', u'functionid': u'12833'}]",70% http-8443 worker threads busy on {HOST.NAME},0,,0,0,0,0,2,13443,0,,,{12832} > ({12833} * 0.7)
0,"[{u'itemid': u'23243', u'function': u'last', u'triggerid': u'13444', u'parameter': u'0', u'functionid': u'12834'}, {u'itemid': u'23244', u'function': u'last', u'triggerid': u'13444', u'parameter': u'0', u'functionid': u'12835'}]",70% jk-8009 worker threads busy on {HOST.NAME},0,,0,0,0,0,2,13444,0,,,{12834} > ({12835}  *0.7)
0,"[{u'itemid': u'23193', u'function': u'last', u'triggerid': u'13445', u'parameter': u'0', u'functionid': u'12836'}, {u'itemid': u'23192', u'function': u'last', u'triggerid': u'13445', u'parameter': u'0', u'functionid': u'12837'}]",70% mp CMS Old Gen used on {HOST.NAME},0,,0,0,0,0,3,13445,0,,,{12836}>({12837}*0.7)
0,"[{u'itemid': u'23196', u'function': u'last', u'triggerid': u'13446', u'parameter': u'0', u'functionid': u'12838'}, {u'itemid': u'23195', u'function': u'last', u'triggerid': u'13446', u'parameter': u'0', u'functionid': u'12839'}]",70% mp CMS Perm Gen used on {HOST.NAME},0,,0,0,0,0,3,13446,0,,,{12838}>({12839}*0.7)
0,"[{u'itemid': u'23199', u'function': u'last', u'triggerid': u'13447', u'parameter': u'0', u'functionid': u'12840'}, {u'itemid': u'23198', u'function': u'last', u'triggerid': u'13447', u'parameter': u'0', u'functionid': u'12841'}]",70% mp Code Cache used on {HOST.NAME},0,,0,0,0,0,3,13447,0,,,{12840}>({12841}*0.7)
0,"[{u'itemid': u'23202', u'function': u'last', u'triggerid': u'13448', u'parameter': u'0', u'functionid': u'12842'}, {u'itemid': u'23201', u'function': u'last', u'triggerid': u'13448', u'parameter': u'0', u'functionid': u'12843'}]",70% mp Perm Gen used on {HOST.NAME},0,,0,0,0,0,3,13448,0,,,{12842}>({12843}*0.7)
0,"[{u'itemid': u'23205', u'function': u'last', u'triggerid': u'13449', u'parameter': u'0', u'functionid': u'12844'}, {u'itemid': u'23204', u'function': u'last', u'triggerid': u'13449', u'parameter': u'0', u'functionid': u'12845'}]",70% mp PS Old Gen used on {HOST.NAME},0,,0,0,0,0,3,13449,0,,,{12844}>({12845}*0.7)
0,"[{u'itemid': u'23208', u'function': u'last', u'triggerid': u'13450', u'parameter': u'0', u'functionid': u'12846'}, {u'itemid': u'23207', u'function': u'last', u'triggerid': u'13450', u'parameter': u'0', u'functionid': u'12847'}]",70% mp PS Perm Gen used on {HOST.NAME},0,,0,0,0,0,3,13450,0,,,{12846}>({12847}*0.7)
0,"[{u'itemid': u'23211', u'function': u'last', u'triggerid': u'13451', u'parameter': u'0', u'functionid': u'12848'}, {u'itemid': u'23210', u'function': u'last', u'triggerid': u'13451', u'parameter': u'0', u'functionid': u'12849'}]",70% mp Tenured Gen used on {HOST.NAME},0,,0,0,0,0,3,13451,0,,,{12848}>({12849}*0.7)
0,"[{u'itemid': u'23214', u'function': u'last', u'triggerid': u'13452', u'parameter': u'0', u'functionid': u'12850'}, {u'itemid': u'23213', u'function': u'last', u'triggerid': u'13452', u'parameter': u'0', u'functionid': u'12851'}]",70% os Opened File Descriptor Count used on {HOST.NAME},0,,0,0,0,0,3,13452,0,,,{12850}>({12851}*0.7)
0,"[{u'itemid': u'23183', u'function': u'last', u'triggerid': u'13453', u'parameter': u'0', u'functionid': u'12852'}, {u'itemid': u'23177', u'function': u'last', u'triggerid': u'13453', u'parameter': u'0', u'functionid': u'12853'}]",gc Concurrent Mark Sweep in fire fighting mode on {HOST.NAME},0,,0,0,0,0,3,13453,0,,,{12852}<{12853}
0,"[{u'itemid': u'23179', u'function': u'last', u'triggerid': u'13454', u'parameter': u'0', u'functionid': u'12854'}, {u'itemid': u'23181', u'function': u'last', u'triggerid': u'13454', u'parameter': u'0', u'functionid': u'12855'}]",gc Mark Sweep Compact in fire fighting mode on {HOST.NAME},0,,0,0,0,0,3,13454,0,,,{12854}<{12855}
0,"[{u'itemid': u'23186', u'function': u'last', u'triggerid': u'13455', u'parameter': u'0', u'functionid': u'12856'}, {u'itemid': u'23187', u'function': u'last', u'triggerid': u'13455', u'parameter': u'0', u'functionid': u'12857'}]",gc PS Mark Sweep in fire fighting mode on {HOST.NAME},0,,0,0,0,0,3,13455,0,,,{12856}<{12857}
0,"[{u'itemid': u'23222', u'function': u'str', u'triggerid': u'13456', u'parameter': u'off', u'functionid': u'12858'}]",gzip compression is off for connector http-8080 on {HOST.NAME},0,,0,0,0,0,1,13456,0,,,{12858} = 1
0,"[{u'itemid': u'23231', u'function': u'str', u'triggerid': u'13457', u'parameter': u'off', u'functionid': u'12859'}]",gzip compression is off for connector http-8443 on {HOST.NAME},0,,0,0,0,0,1,13457,0,,,{12859} = 1
0,"[{u'itemid': u'23191', u'function': u'last', u'triggerid': u'13458', u'parameter': u'0', u'functionid': u'12860'}, {u'itemid': u'23192', u'function': u'last', u'triggerid': u'13458', u'parameter': u'0', u'functionid': u'12861'}]",mp CMS Old Gen fully committed on {HOST.NAME},0,,0,0,0,0,2,13458,0,,,{12860}={12861}
0,"[{u'itemid': u'23194', u'function': u'last', u'triggerid': u'13459', u'parameter': u'0', u'functionid': u'12862'}, {u'itemid': u'23195', u'function': u'last', u'triggerid': u'13459', u'parameter': u'0', u'functionid': u'12863'}]",mp CMS Perm Gen fully committed on {HOST.NAME},0,,0,0,0,0,2,13459,0,,,{12862}={12863}
0,"[{u'itemid': u'23197', u'function': u'last', u'triggerid': u'13460', u'parameter': u'0', u'functionid': u'12864'}, {u'itemid': u'23198', u'function': u'last', u'triggerid': u'13460', u'parameter': u'0', u'functionid': u'12865'}]",mp Code Cache fully committed on {HOST.NAME},0,,0,0,0,0,2,13460,0,,,{12864}={12865}
0,"[{u'itemid': u'23200', u'function': u'last', u'triggerid': u'13461', u'parameter': u'0', u'functionid': u'12866'}, {u'itemid': u'23201', u'function': u'last', u'triggerid': u'13461', u'parameter': u'0', u'functionid': u'12867'}]",mp Perm Gen fully committed on {HOST.NAME},0,,0,0,0,0,2,13461,0,,,{12866}={12867}
0,"[{u'itemid': u'23203', u'function': u'last', u'triggerid': u'13462', u'parameter': u'0', u'functionid': u'12868'}, {u'itemid': u'23204', u'function': u'last', u'triggerid': u'13462', u'parameter': u'0', u'functionid': u'12869'}]",mp PS Old Gen fully committed on {HOST.NAME},0,,0,0,0,0,2,13462,0,,,{12868}={12869}
0,"[{u'itemid': u'23206', u'function': u'last', u'triggerid': u'13463', u'parameter': u'0', u'functionid': u'12870'}, {u'itemid': u'23207', u'function': u'last', u'triggerid': u'13463', u'parameter': u'0', u'functionid': u'12871'}]",mp PS Perm Gen fully committed on {HOST.NAME},0,,0,0,0,0,2,13463,0,,,{12870}={12871}
0,"[{u'itemid': u'23209', u'function': u'last', u'triggerid': u'13464', u'parameter': u'0', u'functionid': u'12872'}, {u'itemid': u'23210', u'function': u'last', u'triggerid': u'13464', u'parameter': u'0', u'functionid': u'12873'}]",mp Tenured Gen fully committed on {HOST.NAME},0,,0,0,0,0,2,13464,0,,,{12872}={12873}
0,"[{u'itemid': u'23188', u'function': u'nodata', u'triggerid': u'13465', u'parameter': u'1m', u'functionid': u'12874'}]",{HOST.NAME} is not reachable,0,,0,0,0,0,3,13465,0,,,{12874}=1
0,"[{u'itemid': u'23212', u'function': u'str', u'triggerid': u'13466', u'parameter': u'Client', u'functionid': u'12967'}]",{HOST.NAME} uses suboptimal JIT compiler,0,,0,0,0,0,1,13466,0,,,{12967}=1
0,"[{u'itemid': u'23252', u'function': u'avg', u'triggerid': u'13467', u'parameter': u'10m', u'functionid': u'13100'}]",Zabbix alerter processes more than 75% busy,0,,0,13080,1449477812,0,3,13467,0,,,({TRIGGER.VALUE}=0 and {13100}>75) or ({TRIGGER.VALUE}=1 and {13100}>65)
0,"[{u'itemid': u'23253', u'function': u'avg', u'triggerid': u'13468', u'parameter': u'10m', u'functionid': u'13102'}]",Zabbix configuration syncer processes more than 75% busy,0,,0,13081,1449477813,0,3,13468,0,,,({TRIGGER.VALUE}=0 and {13102}>75) or ({TRIGGER.VALUE}=1 and {13102}>65)
0,"[{u'itemid': u'23254', u'function': u'avg', u'triggerid': u'13469', u'parameter': u'10m', u'functionid': u'13104'}]",Zabbix db watchdog processes more than 75% busy,0,,0,13082,1449477814,0,3,13469,0,,,({TRIGGER.VALUE}=0 and {13104}>75) or ({TRIGGER.VALUE}=1 and {13104}>65)
0,"[{u'itemid': u'23255', u'function': u'avg', u'triggerid': u'13470', u'parameter': u'10m', u'functionid': u'13106'}]",Zabbix discoverer processes more than 75% busy,0,,0,13083,1449827735,0,3,13470,0,,,({TRIGGER.VALUE}=0 and {13106}>75) or ({TRIGGER.VALUE}=1 and {13106}>65)
0,"[{u'itemid': u'23256', u'function': u'avg', u'triggerid': u'13471', u'parameter': u'10m', u'functionid': u'13108'}]",Zabbix escalator processes more than 75% busy,0,,0,13084,1449477816,0,3,13471,0,,,({TRIGGER.VALUE}=0 and {13108}>75) or ({TRIGGER.VALUE}=1 and {13108}>65)
0,"[{u'itemid': u'23257', u'function': u'avg', u'triggerid': u'13472', u'parameter': u'10m', u'functionid': u'13110'}]",Zabbix history syncer processes more than 75% busy,0,,0,13085,1449477817,0,3,13472,0,,,({TRIGGER.VALUE}=0 and {13110}>75) or ({TRIGGER.VALUE}=1 and {13110}>65)
0,"[{u'itemid': u'23258', u'function': u'avg', u'triggerid': u'13473', u'parameter': u'30m', u'functionid': u'13112'}]",Zabbix housekeeper processes more than 75% busy,0,,0,13086,1449477818,0,3,13473,0,,,({TRIGGER.VALUE}=0 and {13112}>75) or ({TRIGGER.VALUE}=1 and {13112}>65)
0,"[{u'itemid': u'23259', u'function': u'avg', u'triggerid': u'13474', u'parameter': u'10m', u'functionid': u'13114'}]",Zabbix http poller processes more than 75% busy,0,,0,13087,1449477819,0,3,13474,0,,,({TRIGGER.VALUE}=0 and {13114}>75) or ({TRIGGER.VALUE}=1 and {13114}>65)
1,"[{u'itemid': u'23260', u'function': u'avg', u'triggerid': u'13475', u'parameter': u'1m', u'functionid': u'13199'}]",Zabbix icmp pinger processes more than 75% busy,0,,0,13088,1449477820,1,3,13475,0,,,({TRIGGER.VALUE}=0 and {13199}>75) or ({TRIGGER.VALUE}=1 and {13199}>65)
0,"[{u'itemid': u'23261', u'function': u'avg', u'triggerid': u'13476', u'parameter': u'10m', u'functionid': u'13118'}]",Zabbix ipmi poller processes more than 75% busy,1,,0,13089,0,0,3,13476,0,,"No ""ipmi poller"" processes started.",({TRIGGER.VALUE}=0 and {13118}>75) or ({TRIGGER.VALUE}=1 and {13118}>65)
0,"[{u'itemid': u'23262', u'function': u'avg', u'triggerid': u'13477', u'parameter': u'10m', u'functionid': u'13120'}]",Zabbix java poller processes more than 75% busy,1,,0,13275,0,0,3,13477,0,,"No ""java poller"" processes started.",({TRIGGER.VALUE}=0 and {13120}>75) or ({TRIGGER.VALUE}=1 and {13120}>65)
0,"[{u'itemid': u'23264', u'function': u'avg', u'triggerid': u'13479', u'parameter': u'10m', u'functionid': u'13124'}]",Zabbix poller processes more than 75% busy,0,,0,13091,1449477824,0,3,13479,0,,,({TRIGGER.VALUE}=0 and {13124}>75) or ({TRIGGER.VALUE}=1 and {13124}>65)
0,"[{u'itemid': u'23265', u'function': u'avg', u'triggerid': u'13480', u'parameter': u'10m', u'functionid': u'13126'}]",Zabbix proxy poller processes more than 75% busy,0,,0,13092,1449477825,0,3,13480,0,,,({TRIGGER.VALUE}=0 and {13126}>75) or ({TRIGGER.VALUE}=1 and {13126}>65)
0,"[{u'itemid': u'23266', u'function': u'min', u'triggerid': u'13481', u'parameter': u'10m', u'functionid': u'13030'}]",Zabbix self-monitoring processes more than 75% busy,0,,0,13093,1449477826,0,3,13481,0,,,({TRIGGER.VALUE}=0 and {13030}>75) or ({TRIGGER.VALUE}=1 and {13030}>65)
0,"[{u'itemid': u'23267', u'function': u'avg', u'triggerid': u'13482', u'parameter': u'10m', u'functionid': u'13128'}]",Zabbix snmp trapper processes more than 75% busy,1,,0,13441,0,0,3,13482,0,,"No ""snmp trapper"" processes started.",({TRIGGER.VALUE}=0 and {13128}>75) or ({TRIGGER.VALUE}=1 and {13128}>65)
0,"[{u'itemid': u'23268', u'function': u'avg', u'triggerid': u'13483', u'parameter': u'10m', u'functionid': u'13130'}]",Zabbix timer processes more than 75% busy,0,,0,13094,1449477828,0,3,13483,0,,,({TRIGGER.VALUE}=0 and {13130}>75) or ({TRIGGER.VALUE}=1 and {13130}>65)
0,"[{u'itemid': u'23269', u'function': u'avg', u'triggerid': u'13484', u'parameter': u'10m', u'functionid': u'13132'}]",Zabbix trapper processes more than 75% busy,0,,0,13095,1449477829,0,3,13484,0,,,({TRIGGER.VALUE}=0 and {13132}>75) or ({TRIGGER.VALUE}=1 and {13132}>65)
0,"[{u'itemid': u'23270', u'function': u'avg', u'triggerid': u'13485', u'parameter': u'10m', u'functionid': u'13134'}]",Zabbix unreachable poller processes more than 75% busy,0,,0,13096,1449477830,0,3,13485,0,,,({TRIGGER.VALUE}=0 and {13134}>75) or ({TRIGGER.VALUE}=1 and {13134}>65)
0,"[{u'itemid': u'23271', u'function': u'min', u'triggerid': u'13486', u'parameter': u'10m', u'functionid': u'12895'}]",More than 100 items having missing data for more than 10 minutes,0,,0,13023,1449478071,0,2,13486,0,"zabbix[queue,10m] item is collecting data about how many items are missing data for more than 10 minutes (next parameter)",,{12895}>100
0,"[{u'itemid': u'23273', u'function': u'min', u'triggerid': u'13487', u'parameter': u'10m', u'functionid': u'12896'}]",Less than 25% free in the configuration cache,0,,0,13015,1449477833,0,3,13487,0,Consider increasing CacheSize in the zabbix_server.conf configuration file,,{12896}<25
0,"[{u'itemid': u'23274', u'function': u'min', u'triggerid': u'13488', u'parameter': u'10m', u'functionid': u'12897'}]",Less than 25% free in the history cache,0,,0,13073,1449477834,0,3,13488,0,,,{12897}<25
0,"[{u'itemid': u'23275', u'function': u'min', u'triggerid': u'13489', u'parameter': u'10m', u'functionid': u'12898'}]",Less than 25% free in the text history cache,0,,0,13017,1449477835,0,3,13489,0,,,{12898}<25
0,"[{u'itemid': u'23276', u'function': u'min', u'triggerid': u'13490', u'parameter': u'10m', u'functionid': u'12899'}]",Less than 25% free in the trends cache,0,,0,13019,1449477836,0,3,13490,0,,,{12899}<25
0,"[{u'itemid': u'23287', u'function': u'nodata', u'triggerid': u'13491', u'parameter': u'5m', u'functionid': u'12900'}]",Zabbix agent on {HOST.NAME} is unreachable for 5 minutes,0,,0,10047,0,0,3,13491,0,,,{12900}=1
0,"[{u'itemid': u'23288', u'function': u'diff', u'triggerid': u'13492', u'parameter': u'0', u'functionid': u'12928'}]",Version of zabbix_agent(d) was changed on {HOST.NAME},1,,0,10045,0,0,1,13492,0,,Agent is unavailable.,{12928}>0
0,"[{u'itemid': u'23289', u'function': u'last', u'triggerid': u'13493', u'parameter': u'0', u'functionid': u'12902'}]",Configured max number of opened files is too low on {HOST.NAME},1,,0,10042,0,0,1,13493,0,,Agent is unavailable.,{12902}<1024
0,"[{u'itemid': u'23290', u'function': u'last', u'triggerid': u'13494', u'parameter': u'0', u'functionid': u'12903'}]",Configured max number of processes is too low on {HOST.NAME},1,,0,10041,0,0,1,13494,0,,Agent is unavailable.,{12903}<256
0,"[{u'itemid': u'23291', u'function': u'avg', u'triggerid': u'13495', u'parameter': u'5m', u'functionid': u'13085'}]",Too many processes running on {HOST.NAME},1,,0,10011,0,0,2,13495,0,,Agent is unavailable.,{13085}>30
0,"[{u'itemid': u'23292', u'function': u'avg', u'triggerid': u'13496', u'parameter': u'5m', u'functionid': u'13083'}]",Too many processes on {HOST.NAME},1,,0,10190,0,0,2,13496,0,,Agent is unavailable.,{13083}>300
0,"[{u'itemid': u'23296', u'function': u'avg', u'triggerid': u'13497', u'parameter': u'5m', u'functionid': u'13079'}]",Processor load is too high on {HOST.NAME},1,,0,10010,0,0,2,13497,0,,Agent is unavailable.,{13079}>5
0,"[{u'itemid': u'23301', u'function': u'avg', u'triggerid': u'13498', u'parameter': u'5m', u'functionid': u'13081'}]",Disk I/O is overloaded on {HOST.NAME},1,,0,13243,0,0,2,13498,0,OS spends significant time waiting for I/O (input/output) operations. It could be indicator of performance issues with storage system.,Agent is unavailable.,{13081}>20
0,"[{u'itemid': u'23307', u'function': u'diff', u'triggerid': u'13499', u'parameter': u'0', u'functionid': u'12908'}]",Hostname was changed on {HOST.NAME},1,,0,10043,0,0,1,13499,0,,Agent is unavailable.,{12908}>0
0,"[{u'itemid': u'23310', u'function': u'last', u'triggerid': u'13500', u'parameter': u'0', u'functionid': u'12909'}]",Lack of free swap space on {HOST.NAME},1,,0,10012,0,0,2,13500,0,It probably means that the systems requires more physical memory.,Agent is unavailable.,{12909}<50
0,"[{u'itemid': u'23312', u'function': u'diff', u'triggerid': u'13501', u'parameter': u'0', u'functionid': u'12910'}]",Host information was changed on {HOST.NAME},1,,0,10044,0,0,1,13501,0,,Agent is unavailable.,{12910}>0
0,"[{u'itemid': u'23313', u'function': u'change', u'triggerid': u'13502', u'parameter': u'0', u'functionid': u'12911'}]",{HOST.NAME} has just been restarted,1,,0,10021,0,0,1,13502,0,,Agent is unavailable.,{12911}<0
0,"[{u'itemid': u'23315', u'function': u'diff', u'triggerid': u'13503', u'parameter': u'0', u'functionid': u'12912'}]",/etc/passwd has been changed on {HOST.NAME},1,,0,10016,0,0,2,13503,0,,Agent is unavailable.,{12912}>0
0,"[{u'itemid': u'23316', u'function': u'last', u'triggerid': u'13504', u'parameter': u'0', u'functionid': u'13196'}]",Lack of available memory on server {HOST.NAME},1,,0,13000,0,0,3,13504,0,,Agent is unavailable.,{13196}<900M
0,"[{u'itemid': u'23318', u'function': u'diff', u'triggerid': u'13507', u'parameter': u'0', u'functionid': u'12936'}]",Host name of zabbix_agentd was changed on {HOST.NAME},0,,0,0,0,0,1,13507,0,,,{12936}>0
0,"[{u'itemid': u'23319', u'function': u'diff', u'triggerid': u'13508', u'parameter': u'0', u'functionid': u'12937'}]",Host name of zabbix_agentd was changed on {HOST.NAME},0,,0,13507,0,0,1,13508,0,,,{12937}>0
0,"[{u'itemid': u'23327', u'function': u'diff', u'triggerid': u'13509', u'parameter': u'0', u'functionid': u'12938'}]",Host name of zabbix_agentd was changed on {HOST.NAME},1,,0,13508,0,0,1,13509,0,,Agent is unavailable.,{12938}>0
0,"[{u'itemid': u'23320', u'function': u'diff', u'triggerid': u'13510', u'parameter': u'0', u'functionid': u'12939'}]",Host name of zabbix_agentd was changed on {HOST.NAME},0,,0,13507,0,0,1,13510,0,,,{12939}>0
0,"[{u'itemid': u'23321', u'function': u'diff', u'triggerid': u'13511', u'parameter': u'0', u'functionid': u'12940'}]",Host name of zabbix_agentd was changed on {HOST.NAME},0,,0,13507,0,0,1,13511,0,,,{12940}>0
0,"[{u'itemid': u'23322', u'function': u'diff', u'triggerid': u'13512', u'parameter': u'0', u'functionid': u'12941'}]",Host name of zabbix_agentd was changed on {HOST.NAME},0,,0,13507,0,0,1,13512,0,,,{12941}>0
0,"[{u'itemid': u'23323', u'function': u'diff', u'triggerid': u'13513', u'parameter': u'0', u'functionid': u'12942'}]",Host name of zabbix_agentd was changed on {HOST.NAME},0,,0,13507,0,0,1,13513,0,,,{12942}>0
0,"[{u'itemid': u'23324', u'function': u'diff', u'triggerid': u'13514', u'parameter': u'0', u'functionid': u'12943'}]",Host name of zabbix_agentd was changed on {HOST.NAME},0,,0,13507,0,0,1,13514,0,,,{12943}>0
0,"[{u'itemid': u'23325', u'function': u'diff', u'triggerid': u'13515', u'parameter': u'0', u'functionid': u'12944'}]",Host name of zabbix_agentd was changed on {HOST.NAME},0,,0,13507,0,0,1,13515,0,,,{12944}>0
0,"[{u'itemid': u'23326', u'function': u'diff', u'triggerid': u'13516', u'parameter': u'0', u'functionid': u'12945'}]",Host name of zabbix_agentd was changed on {HOST.NAME},0,,0,13507,0,0,1,13516,0,,,{12945}>0
0,"[{u'itemid': u'23357', u'function': u'min', u'triggerid': u'13517', u'parameter': u'10m', u'functionid': u'12946'}]",Less than 25% free in the configuration cache,0,,0,0,0,0,3,13517,0,Consider increasing CacheSize in the zabbix_server.conf configuration file,,{12946}<25
0,"[{u'itemid': u'23342', u'function': u'min', u'triggerid': u'13518', u'parameter': u'10m', u'functionid': u'12947'}]",Less than 25% free in the history cache,0,,0,0,0,0,3,13518,0,,,{12947}<25
0,"[{u'itemid': u'23341', u'function': u'min', u'triggerid': u'13519', u'parameter': u'10m', u'functionid': u'12948'}]",Less than 25% free in the text history cache,0,,0,0,0,0,3,13519,0,,,{12948}<25
0,"[{u'itemid': u'23359', u'function': u'min', u'triggerid': u'13520', u'parameter': u'10m', u'functionid': u'12949'}]",More than 100 items having missing data for more than 10 minutes,0,,0,0,0,0,2,13520,0,"zabbix[queue,10m] item is collecting data about how many items are missing data for more than 10 minutes (next parameter)",,{12949}>100
0,"[{u'itemid': u'23347', u'function': u'avg', u'triggerid': u'13521', u'parameter': u'10m', u'functionid': u'13137'}]",Zabbix configuration syncer processes more than 75% busy,0,,0,0,0,0,3,13521,0,,,({TRIGGER.VALUE}=0 and {13137}>75) or ({TRIGGER.VALUE}=1 and {13137}>65)
0,"[{u'itemid': u'23352', u'function': u'avg', u'triggerid': u'13522', u'parameter': u'10m', u'functionid': u'13139'}]",Zabbix discoverer processes more than 75% busy,0,,0,0,0,0,3,13522,0,,,({TRIGGER.VALUE}=0 and {13139}>75) or ({TRIGGER.VALUE}=1 and {13139}>65)
0,"[{u'itemid': u'23350', u'function': u'avg', u'triggerid': u'13523', u'parameter': u'10m', u'functionid': u'13141'}]",Zabbix history syncer processes more than 75% busy,0,,0,0,0,0,3,13523,0,,,({TRIGGER.VALUE}=0 and {13141}>75) or ({TRIGGER.VALUE}=1 and {13141}>65)
0,"[{u'itemid': u'23353', u'function': u'avg', u'triggerid': u'13524', u'parameter': u'30m', u'functionid': u'13142'}]",Zabbix housekeeper processes more than 75% busy,0,,0,0,0,0,3,13524,0,,,({TRIGGER.VALUE}=0 and {13142}>75) or ({TRIGGER.VALUE}=1 and {13142}>65)
0,"[{u'itemid': u'23354', u'function': u'avg', u'triggerid': u'13525', u'parameter': u'10m', u'functionid': u'13143'}]",Zabbix http poller processes more than 75% busy,0,,0,0,0,0,3,13525,0,,,({TRIGGER.VALUE}=0 and {13143}>75) or ({TRIGGER.VALUE}=1 and {13143}>65)
0,"[{u'itemid': u'23356', u'function': u'avg', u'triggerid': u'13526', u'parameter': u'10m', u'functionid': u'13144'}]",Zabbix icmp pinger processes more than 75% busy,0,,0,0,0,0,3,13526,0,,,({TRIGGER.VALUE}=0 and {13144}>75) or ({TRIGGER.VALUE}=1 and {13144}>65)
0,"[{u'itemid': u'23355', u'function': u'avg', u'triggerid': u'13527', u'parameter': u'10m', u'functionid': u'13145'}]",Zabbix ipmi poller processes more than 75% busy,0,,0,0,0,0,3,13527,0,,,({TRIGGER.VALUE}=0 and {13145}>75) or ({TRIGGER.VALUE}=1 and {13145}>65)
0,"[{u'itemid': u'23349', u'function': u'avg', u'triggerid': u'13528', u'parameter': u'10m', u'functionid': u'13146'}]",Zabbix java poller processes more than 75% busy,0,,0,0,0,0,3,13528,0,,,({TRIGGER.VALUE}=0 and {13146}>75) or ({TRIGGER.VALUE}=1 and {13146}>65)
0,"[{u'itemid': u'23348', u'function': u'avg', u'triggerid': u'13529', u'parameter': u'10m', u'functionid': u'13147'}]",Zabbix poller processes more than 75% busy,0,,0,0,0,0,3,13529,0,,,({TRIGGER.VALUE}=0 and {13147}>75) or ({TRIGGER.VALUE}=1 and {13147}>65)
0,"[{u'itemid': u'23343', u'function': u'avg', u'triggerid': u'13530', u'parameter': u'10m', u'functionid': u'13148'}]",Zabbix self-monitoring processes more than 75% busy,0,,0,0,0,0,3,13530,0,,,({TRIGGER.VALUE}=0 and {13148}>75) or ({TRIGGER.VALUE}=1 and {13148}>65)
0,"[{u'itemid': u'23344', u'function': u'avg', u'triggerid': u'13531', u'parameter': u'10m', u'functionid': u'13149'}]",Zabbix snmp trapper processes more than 75% busy,0,,0,0,0,0,3,13531,0,,,({TRIGGER.VALUE}=0 and {13149}>75) or ({TRIGGER.VALUE}=1 and {13149}>65)
0,"[{u'itemid': u'23345', u'function': u'avg', u'triggerid': u'13532', u'parameter': u'10m', u'functionid': u'13150'}]",Zabbix trapper processes more than 75% busy,0,,0,0,0,0,3,13532,0,,,({TRIGGER.VALUE}=0 and {13150}>75) or ({TRIGGER.VALUE}=1 and {13150}>65)
0,"[{u'itemid': u'23346', u'function': u'avg', u'triggerid': u'13533', u'parameter': u'10m', u'functionid': u'13151'}]",Zabbix unreachable poller processes more than 75% busy,0,,0,0,0,0,3,13533,0,,,({TRIGGER.VALUE}=0 and {13151}>75) or ({TRIGGER.VALUE}=1 and {13151}>65)
0,"[{u'itemid': u'23360', u'function': u'avg', u'triggerid': u'13534', u'parameter': u'10m', u'functionid': u'13138'}]",Zabbix data sender processes more than 75% busy,0,,0,0,0,0,3,13534,0,,,({TRIGGER.VALUE}=0 and {13138}>75) or ({TRIGGER.VALUE}=1 and {13138}>65)
0,"[{u'itemid': u'23351', u'function': u'avg', u'triggerid': u'13535', u'parameter': u'10m', u'functionid': u'13140'}]",Zabbix heartbeat sender processes more than 75% busy,0,,0,0,0,0,3,13535,0,,,({TRIGGER.VALUE}=0 and {13140}>75) or ({TRIGGER.VALUE}=1 and {13140}>65)
0,"[{u'itemid': u'23634', u'function': u'min', u'triggerid': u'13536', u'parameter': u'10m', u'functionid': u'12965'}]",Less than 25% free in the vmware cache,0,,0,0,0,0,3,13536,0,,,{12965}<25
0,"[{u'itemid': u'23635', u'function': u'min', u'triggerid': u'13537', u'parameter': u'10m', u'functionid': u'12966'}]",Less than 25% free in the vmware cache,1,,0,13536,0,0,3,13537,0,,"No ""vmware collector"" processes started.",{12966}<25
0,"[{u'itemid': u'23637', u'function': u'last', u'triggerid': u'13538', u'parameter': u'0', u'functionid': u'12968'}]",70% os Process CPU Load on {HOST.NAME},0,,0,0,0,0,3,13538,0,,,{12968}>0.7
0,"[{u'itemid': u'23638', u'function': u'last', u'triggerid': u'13539', u'parameter': u'0', u'functionid': u'12969'}, {u'itemid': u'23640', u'function': u'last', u'triggerid': u'13539', u'parameter': u'0', u'functionid': u'12970'}]",70% mem Heap Memory used on {HOST.NAME},0,,0,0,0,0,3,13539,0,,,{12969}>({12970}*0.7)
0,"[{u'itemid': u'23642', u'function': u'last', u'triggerid': u'13540', u'parameter': u'0', u'functionid': u'12971'}, {u'itemid': u'23643', u'function': u'last', u'triggerid': u'13540', u'parameter': u'0', u'functionid': u'12972'}]",70% mem Non-Heap Memory used on {HOST.NAME},0,,0,0,0,0,3,13540,0,,,{12971}>({12972}*0.7)
0,"[{u'itemid': u'23639', u'function': u'last', u'triggerid': u'13541', u'parameter': u'0', u'functionid': u'12973'}, {u'itemid': u'23640', u'function': u'last', u'triggerid': u'13541', u'parameter': u'0', u'functionid': u'12974'}]",mem Heap Memory fully committed on {HOST.NAME},0,,0,0,0,0,2,13541,0,,,{12973}={12974}
0,"[{u'itemid': u'23641', u'function': u'last', u'triggerid': u'13542', u'parameter': u'0', u'functionid': u'12975'}, {u'itemid': u'23643', u'function': u'last', u'triggerid': u'13542', u'parameter': u'0', u'functionid': u'12976'}]",mem Non-Heap Memory fully committed on {HOST.NAME},0,,0,0,0,0,2,13542,0,,,{12975}={12976}
0,"[{u'itemid': u'23636', u'function': u'str', u'triggerid': u'13543', u'parameter': u'Server', u'functionid': u'12977'}]",{HOST.NAME} runs suboptimal VM type,0,,0,0,0,0,1,13543,0,,,{12977}<>1
0,"[{u'itemid': u'23644', u'function': u'max', u'triggerid': u'13544', u'parameter': u'#3', u'functionid': u'12994'}]",FTP service is down on {HOST.NAME},0,,0,0,0,0,3,13544,0,,,{12994}=0
0,"[{u'itemid': u'23645', u'function': u'max', u'triggerid': u'13545', u'parameter': u'#1', u'functionid': u'13170'}]",HTTP service is down on {HOST.NAME},0,,0,0,0,0,5,13545,0,,,{13170}=0
0,"[{u'itemid': u'23646', u'function': u'max', u'triggerid': u'13546', u'parameter': u'#3', u'functionid': u'12996'}]",HTTPS service is down on {HOST.NAME},0,,0,0,0,0,3,13546,0,,,{12996}=0
0,"[{u'itemid': u'23647', u'function': u'max', u'triggerid': u'13547', u'parameter': u'#3', u'functionid': u'12997'}]",IMAP service is down on {HOST.NAME},0,,0,0,0,0,3,13547,0,,,{12997}=0
0,"[{u'itemid': u'23648', u'function': u'max', u'triggerid': u'13548', u'parameter': u'#3', u'functionid': u'12998'}]",LDAP service is down on {HOST.NAME},0,,0,0,0,0,3,13548,0,,,{12998}=0
0,"[{u'itemid': u'23649', u'function': u'max', u'triggerid': u'13549', u'parameter': u'#3', u'functionid': u'13154'}]",NNTP service is down on {HOST.NAME},0,,0,0,0,0,3,13549,0,,,{13154}=0
0,"[{u'itemid': u'23650', u'function': u'max', u'triggerid': u'13550', u'parameter': u'#3', u'functionid': u'13156'}]",NTP service is down on {HOST.NAME},0,,0,0,0,0,3,13550,0,,,{13156}=0
0,"[{u'itemid': u'23651', u'function': u'max', u'triggerid': u'13551', u'parameter': u'#3', u'functionid': u'13152'}]",POP service is down on {HOST.NAME},0,,0,0,0,0,3,13551,0,,,{13152}=0
0,"[{u'itemid': u'23652', u'function': u'max', u'triggerid': u'13552', u'parameter': u'#3', u'functionid': u'13157'}]",SMTP service is down on {HOST.NAME},0,,0,0,0,0,3,13552,0,,,{13157}=0
0,"[{u'itemid': u'23653', u'function': u'max', u'triggerid': u'13553', u'parameter': u'#3', u'functionid': u'13158'}]",SSH service is down on {HOST.NAME},0,,0,0,0,0,3,13553,0,,,{13158}=0
0,"[{u'itemid': u'23655', u'function': u'max', u'triggerid': u'13554', u'parameter': u'#1', u'functionid': u'13189'}]",{HOST.NAME} is unavailable by ICMP,0,,0,0,0,0,4,13554,0,,,{13189}=0
0,"[{u'itemid': u'23656', u'function': u'avg', u'triggerid': u'13555', u'parameter': u'5m', u'functionid': u'13193'}]",Response time is too high on {HOST.NAME},0,,0,0,0,0,2,13555,0,,,{13193}>0.01
0,"[{u'itemid': u'23657', u'function': u'min', u'triggerid': u'13556', u'parameter': u'5m', u'functionid': u'13191'}]",Ping loss is too high on {HOST.NAME},0,,0,0,0,0,2,13556,0,,,{13191}>1
